Unnamed: 0.1,Unnamed: 0,Text,Sentiment,Timestamp,User,Platform,Hashtags,Retweets,Likes,Country,Year,Month,Day,Hour,clean_text,sentiment,hashtags,date,hour,sentiment_score,week,year
0,0, Enjoying a beautiful day at the park!              , Positive  ,2023-01-15 12:30:00, User123      , Twitter  ,[],15.0,30.0, USA      ,2023,1,15,12, enjoying a beautiful day at the park              ,positive,[],2023-01-15,12,1,2,2023
1,1, Traffic was terrible this morning.                 , Negative  ,2023-01-15 08:45:00, CommuterX    , Twitter  ,[],5.0,10.0, Canada   ,2023,1,15,8, traffic was terrible this morning                 ,negative,[],2023-01-15,8,-1,2,2023
2,2, Just finished an amazing workout! 💪               , Positive  ,2023-01-15 15:45:00, FitnessFan   , Instagram ,[],20.0,40.0, USA        ,2023,1,15,15, just finished an amazing workout                ,positive,[],2023-01-15,15,1,2,2023
3,3, Excited about the upcoming weekend getaway!        , Positive  ,2023-01-15 18:20:00, AdventureX   , Facebook ,[],8.0,15.0, UK       ,2023,1,15,18, excited about the upcoming weekend getaway        ,positive,[],2023-01-15,18,1,2,2023
4,4, Trying out a new recipe for dinner tonight.        , Neutral   ,2023-01-15 19:55:00, ChefCook     , Instagram ,[],12.0,25.0, Australia ,2023,1,15,19, trying out a new recipe for dinner tonight        ,neutral,[],2023-01-15,19,0,2,2023
5,5, Feeling grateful for the little things in life.    , Positive  ,2023-01-16 09:10:00, GratitudeNow , Twitter  ,[],25.0,50.0, India    ,2023,1,16,9, feeling grateful for the little things in life    ,positive,[],2023-01-16,9,1,3,2023
6,6, Rainy days call for cozy blankets and hot cocoa.   , Positive  ,2023-01-16 14:45:00, RainyDays    , Facebook ,[],10.0,20.0, Canada   ,2023,1,16,14, rainy days call for cozy blankets and hot cocoa   ,negative,[],2023-01-16,14,-1,3,2023
7,7, The new movie release is a must-watch!             , Positive  ,2023-01-16 19:30:00, MovieBuff    , Instagram ,[],15.0,30.0, USA    ,2023,1,16,19, the new movie release is a mustwatch             ,neutral,[],2023-01-16,19,0,3,2023
8,8, Political discussions heating up on the timeline.  , Negative  ,2023-01-17 08:00:00, DebateTalk   , Twitter  ,[],30.0,60.0, USA      ,2023,1,17,8, political discussions heating up on the timeline  ,neutral,[],2023-01-17,8,0,3,2023
9,9, Missing summer vibes and beach days.               , Neutral   ,2023-01-17 12:20:00, BeachLover   , Facebook ,[],18.0,35.0, Australia ,2023,1,17,12, missing summer vibes and beach days               ,negative,[],2023-01-17,12,-1,3,2023
10,10, Just published a new blog post. Check it out!      , Positive  ,2023-01-17 15:15:00, BloggerX     , Instagram ,[],22.0,45.0,USA,2023,1,17,15, just published a new blog post check it out      ,neutral,[],2023-01-17,15,0,3,2023
11,11, Feeling a bit under the weather today.             , Negative  ,2023-01-18 10:30:00, WellnessCheck, Twitter  ,[],7.0,15.0, Canada   ,2023,1,18,10, feeling a bit under the weather today             ,positive,[],2023-01-18,10,1,3,2023
12,12, Exploring the city's hidden gems.                  , Positive  ,2023-01-18 14:50:00, UrbanExplorer, Facebook ,[],12.0,25.0, UK       ,2023,1,18,14, exploring the citys hidden gems                  ,neutral,[],2023-01-18,14,0,3,2023
13,13," New year, new fitness goals! 💪                    ", Positive  ,2023-01-18 18:00:00, FitJourney   , Instagram ,[],28.0,55.0, USA        ,2023,1,18,18, new year new fitness goals                     ,positive,[],2023-01-18,18,1,3,2023
14,14, Technology is changing the way we live.            , Neutral   ,2023-01-19 09:45:00, TechEnthusiast, Twitter  ,[],15.0,30.0, India    ,2023,1,19,9, technology is changing the way we live            ,neutral,[],2023-01-19,9,0,3,2023
15,15, Reflecting on the past and looking ahead.          , Positive  ,2023-01-19 13:20:00, Reflections  , Facebook ,[],20.0,40.0, USA      ,2023,1,19,13, reflecting on the past and looking ahead          ,neutral,[],2023-01-19,13,0,3,2023
16,16, Just adopted a cute furry friend! 🐾              , Positive  ,2023-01-19 17:10:00, PetAdopter   , Instagram ,[],15.0,30.0, Canada    ,2023,1,19,17, just adopted a cute furry friend               ,positive,[],2023-01-19,17,1,3,2023
17,17, Late-night gaming session with friends.            , Positive  ,2023-01-20 00:05:00, GamerX       , Twitter  ,[],18.0,35.0, UK       ,2023,1,20,0, latenight gaming session with friends            ,positive,[],2023-01-20,0,1,3,2023
18,18, Attending a virtual conference on AI.              , Neutral   ,2023-01-20 11:30:00, TechConference, Facebook ,[],25.0,50.0,USA,2023,1,20,11, attending a virtual conference on ai              ,neutral,[],2023-01-20,11,0,3,2023
19,19, Winter blues got me feeling low.                   , Negative  ,2023-01-20 15:15:00, WinterBlues  , Instagram ,[],8.0,15.0, USA       ,2023,1,20,15, winter blues got me feeling low                   ,negative,[],2023-01-20,15,-1,3,2023
20,20, Sipping coffee and enjoying a good book.           , Positive  ,2023-01-21 08:40:00, Bookworm     , Twitter  ,[],22.0,45.0, India    ,2023,1,21,8, sipping coffee and enjoying a good book           ,positive,[],2023-01-21,8,1,3,2023
21,21, Exploring the world of virtual reality.            , Positive  ,2023-01-21 13:20:00, VRExplorer   , Facebook ,[],15.0,30.0,USA,2023,1,21,13, exploring the world of virtual reality            ,neutral,[],2023-01-21,13,0,3,2023
22,22, Productive day ticking off my to-do list.          , Positive  ,2023-01-21 16:45:00, ProductivityPro, Instagram ,[],30.0,60.0, USA ,2023,1,21,16, productive day ticking off my todo list          ,neutral,[],2023-01-21,16,0,3,2023
23,23, Just finished a challenging workout routine.       , Positive  ,2023-01-22 09:15:00, FitnessWarrior, Twitter  ,[],20.0,40.0, UK       ,2023,1,22,9, just finished a challenging workout routine       ,positive,[],2023-01-22,9,1,3,2023
24,24, Celebrating a milestone at work! 🎉               , Positive  ,2023-01-22 14:30:00, CareerMilestone, Facebook ,[],12.0,25.0, Canada  ,2023,1,22,14, celebrating a milestone at work                ,positive,[],2023-01-22,14,1,3,2023
25,25, Sunday brunch with friends.                        , Positive  ,2023-01-22 12:00:00, BrunchBuddy  , Instagram ,[],15.0,30.0, UK ,2023,1,22,12, sunday brunch with friends                        ,positive,[],2023-01-22,12,1,3,2023
27,28, Learning a new language for personal growth.       , Positive  ,2023-01-23 16:20:00, LanguageLearner, Facebook ,[],25.0,50.0, India     ,2023,1,23,16, learning a new language for personal growth       ,positive,[],2023-01-23,16,1,4,2023
28,29, Quiet evening with a good book.                    , Positive  ,2023-01-23 19:45:00, BookLover    , Instagram ,[],15.0,30.0, Australia ,2023,1,23,19, quiet evening with a good book                    ,positive,[],2023-01-23,19,1,4,2023
29,30, Reflecting on the importance of mental health.     , Positive  ,2023-01-24 11:30:00, MentalHealthMatters, Twitter  ,[],22.0,45.0, USA      ,2023,1,24,11, reflecting on the importance of mental health     ,positive,[],2023-01-24,11,1,4,2023
30,31, New painting in progress! 🎨                       , Positive  ,2023-01-24 15:00:00, ArtistInAction, Facebook ,[],12.0,25.0, Canada ,2023,1,24,15, new painting in progress                        ,positive,[],2023-01-24,15,1,4,2023
31,32, Weekend road trip to explore scenic views.         , Positive  ,2023-01-24 17:30:00, RoadTripper  , Instagram ,[],18.0,35.0, UK        ,2023,1,24,17, weekend road trip to explore scenic views         ,neutral,[],2023-01-24,17,0,4,2023
32,33, Enjoying a cup of tea and watching the sunset.     , Positive  ,2023-01-25 18:00:00, SunsetWatcher, Twitter  ,[],15.0,30.0, India    ,2023,1,25,18, enjoying a cup of tea and watching the sunset     ,positive,[],2023-01-25,18,1,4,2023
33,34, Coding a new project with enthusiasm.              , Positive  ,2023-01-25 13:15:00, CodeEnthusiast, Facebook ,[],30.0,60.0, USA ,2023,1,25,13, coding a new project with enthusiasm              ,positive,[],2023-01-25,13,1,4,2023
34,35, Feeling inspired after attending a workshop.       , Positive  ,2023-01-26 09:45:00, WorkshopAttendee, Instagram ,[],25.0,50.0,USA,2023,1,26,9, feeling inspired after attending a workshop       ,positive,[],2023-01-26,9,1,4,2023
35,36, Winter sports day at the local park.               , Positive  ,2023-01-26 14:20:00, WinterSports  , Twitter  ,[],15.0,30.0, Canada   ,2023,1,26,14, winter sports day at the local park               ,neutral,[],2023-01-26,14,0,4,2023
36,37, Quality time with family this weekend.             , Positive  ,2023-01-26 17:40:00, FamilyTime   , Facebook ,[],22.0,45.0, UK        ,2023,1,26,17, quality time with family this weekend             ,neutral,[],2023-01-26,17,0,4,2023
37,38, Attending a live music concert tonight.            , Positive  ,2023-01-27 20:00:00, MusicLover   , Instagram ,[],18.0,35.0, USA ,2023,1,27,20, attending a live music concert tonight            ,neutral,[],2023-01-27,20,0,4,2023
38,39, Practicing mindfulness with meditation.            , Positive  ,2023-01-27 12:30:00, MindfulMoments, Twitter  ,[],15.0,30.0, India    ,2023,1,27,12, practicing mindfulness with meditation            ,neutral,[],2023-01-27,12,0,4,2023
39,40, Trying out a new dessert recipe.                   , Positive  ,2023-01-27 16:10:00, DessertExplorer, Facebook ,[],12.0,25.0, Canada ,2023,1,27,16, trying out a new dessert recipe                   ,neutral,[],2023-01-27,16,0,4,2023
40,41, Excited about the upcoming gaming tournament.      , Positive  ,2023-01-28 09:00:00, GamingEnthusiast, Instagram ,[],30.0,60.0,USA,2023,1,28,9, excited about the upcoming gaming tournament      ,positive,[],2023-01-28,9,1,4,2023
41,42, Planning a garden makeover for spring.             , Positive  ,2023-01-28 14:45:00, GardenPlanner , Twitter  ,[],25.0,50.0, USA      ,2023,1,28,14, planning a garden makeover for spring             ,neutral,[],2023-01-28,14,0,4,2023
42,43, Celebrating a friend's birthday tonight! 🎂       , Positive  ,2023-01-28 19:30:00, BirthdayBash , Facebook ,[],15.0,30.0, UK ,2023,1,28,19, celebrating a friends birthday tonight        ,positive,[],2023-01-28,19,1,4,2023
43,44, Feeling accomplished after a productive day.       , Positive  ,2023-01-29 17:00:00, ProductivityWin, Instagram ,[],22.0,45.0, India ,2023,1,29,17, feeling accomplished after a productive day       ,positive,[],2023-01-29,17,1,4,2023
44,45, A cozy evening with a good movie.                 , Positive  ,2023-01-29 20:20:00, MovieNight   , Twitter  ,[],18.0,35.0, Canada   ,2023,1,29,20, a cozy evening with a good movie                 ,positive,[],2023-01-29,20,1,4,2023
45,46, Exploring local art galleries this weekend.        , Positive  ,2023-01-30 11:30:00, ArtExplorer  , Facebook ,[],15.0,30.0, USA      ,2023,1,30,11, exploring local art galleries this weekend        ,neutral,[],2023-01-30,11,0,5,2023
46,47, New book release from my favorite author!          , Positive  ,2023-01-30 15:45:00, BookwormX    , Instagram ,[],12.0,25.0, UK   ,2023,1,30,15, new book release from my favorite author          ,positive,[],2023-01-30,15,1,5,2023
47,48, Attending a virtual reality meetup.                , Positive  ,2023-01-30 18:30:00, VRMeetup     , Twitter  ,[],28.0,55.0, India    ,2023,1,30,18, attending a virtual reality meetup                ,neutral,[],2023-01-30,18,0,5,2023
48,49, Reflecting on the beauty of nature.                , Positive  ,2023-01-31 10:45:00, NatureLover  , Facebook ,[],15.0,30.0, Australia ,2023,1,31,10, reflecting on the beauty of nature                ,positive,[],2023-01-31,10,1,5,2023
49,50, Cooking a special dinner for loved ones.           , Positive  ,2023-01-31 19:00:00, ChefAtHome   , Instagram ,[],20.0,40.0, USA       ,2023,1,31,19, cooking a special dinner for loved ones           ,positive,[],2023-01-31,19,1,5,2023
50,51, Feeling optimistic about the week ahead.           , Positive  ,2023-01-31 16:20:00, OptimisticMindset, Twitter  ,[],15.0,30.0, Canada   ,2023,1,31,16, feeling optimistic about the week ahead           ,positive,[],2023-01-31,16,1,5,2023
51,52, Starting a new fitness challenge tomorrow! 💪     , Positive  ,2023-02-01 08:00:00, FitnessChallenge, Facebook ,[],22.0,45.0, UK         ,2023,2,1,8, starting a new fitness challenge tomorrow      ,positive,[],2023-02-01,8,1,5,2023
52,53, Sunday bike ride through scenic trails.           , Positive  ,2023-02-01 13:30:00, BikeExplorer  , Instagram ,[],18.0,35.0, USA     ,2023,2,1,13, sunday bike ride through scenic trails           ,neutral,[],2023-02-01,13,0,5,2023
53,55, Can't believe the injustice happening in our society., Anger        ,2023-02-11 09:30:00, SocialJustice   , Twitter  ,[],20.0,40.0, Canada     ,2023,2,11,9, cant believe the injustice happening in our society,positive,[],2023-02-11,9,1,6,2023
54,56, Feeling a sense of fear after watching a thriller movie. , Fear         ,2023-02-11 21:15:00, ThrillerFan     , Instagram ,[],15.0,30.0, USA          ,2023,2,11,21, feeling a sense of fear after watching a thriller movie ,negative,[],2023-02-11,21,-1,6,2023
55,57, Heartbroken after hearing the news about a natural disaster. , Sadness      ,2023-02-12 14:45:00, EmpathyFirst    , Facebook ,[],25.0,50.0, India      ,2023,2,12,14, heartbroken after hearing the news about a natural disaster ,negative,[],2023-02-12,14,-1,6,2023
56,58, The state of the world's environment is just disgusting. , Disgust      ,2023-02-12 18:20:00, EcoAwareness    , Twitter  ,[],18.0,35.0, UK         ,2023,2,12,18, the state of the worlds environment is just disgusting ,negative,[],2023-02-12,18,-1,6,2023
57,59, Pure happiness: celebrating a loved one's achievement! , Happiness    ,2023-02-13 10:00:00, ProudFriend     , Instagram ,[],30.0,60.0, USA ,2023,2,13,10, pure happiness celebrating a loved ones achievement ,positive,[],2023-02-13,10,1,7,2023
58,60, Laughter is the best medicine—enjoying a comedy show. , Joy          ,2023-02-13 19:30:00, ComedyFan       , Facebook ,[],22.0,45.0, Canada    ,2023,2,13,19, laughter is the best medicineenjoying a comedy show ,positive,[],2023-02-13,19,1,7,2023
59,61, Sharing love and positive vibes with everyone! ❤️      , Love         ,2023-02-14 08:30:00, LoveSpreader    , Twitter  ,[],15.0,30.0, Australia  ,2023,2,14,8, sharing love and positive vibes with everyone       ,positive,[],2023-02-14,8,1,7,2023
60,62, An amusing incident brightened up my day!               , Amusement    ,2023-02-14 14:20:00, AmusedSoul      , Instagram ,[],18.0,35.0, UK           ,2023,2,14,14, an amusing incident brightened up my day               ,positive,[],2023-02-14,14,1,7,2023
61,63, Enjoying a quiet evening with a book and some tea.      , Enjoyment    ,2023-02-14 19:45:00, BookLoverAgain  , Facebook ,[],25.0,50.0, Canada       ,2023,2,14,19, enjoying a quiet evening with a book and some tea      ,positive,[],2023-02-14,19,1,7,2023
62,64, Admiring the beauty of nature during a peaceful hike.   , Admiration   ,2023-02-15 11:30:00, NatureAdmirer   , Twitter  ,[],20.0,40.0, USA       ,2023,2,15,11, admiring the beauty of nature during a peaceful hike   ,positive,[],2023-02-15,11,1,7,2023
63,65, Sending affectionate vibes to all my followers!          , Affection    ,2023-02-15 16:00:00, AffectionSender , Instagram ,[],15.0,30.0,USA,2023,2,15,16, sending affectionate vibes to all my followers          ,positive,[],2023-02-15,16,1,7,2023
64,66, Experiencing awe at the breathtaking sunset.            , Awe          ,2023-02-15 20:30:00, AweStruck       , Facebook ,[],22.0,45.0, Australia   ,2023,2,15,20, experiencing awe at the breathtaking sunset            ,positive,[],2023-02-15,20,1,7,2023
65,67, Disappointed with the service at a local restaurant.    , Disappointed ,2023-02-16 09:00:00, FoodieGoneWrong , Twitter  ,[],18.0,35.0, India      ,2023,2,16,9, disappointed with the service at a local restaurant    ,negative,[],2023-02-16,9,-1,7,2023
66,68, A surprise gift from a friend made my day!              , Surprise     ,2023-02-16 14:45:00, HappySurprise   , Instagram ,[],25.0,50.0, USA          ,2023,2,16,14, a surprise gift from a friend made my day              ,positive,[],2023-02-16,14,1,7,2023
67,69, Finding acceptance in the midst of life's challenges.   , Acceptance   ,2023-02-16 18:20:00, AcceptanceSeeker, Facebook ,[],15.0,30.0, Canada     ,2023,2,16,18, finding acceptance in the midst of lifes challenges   ,positive,[],2023-02-16,18,1,7,2023
68,70, Overflowing with adoration for my adorable pet! 🐾      , Adoration    ,2023-02-17 10:45:00, PetAdorer       , Twitter  ,[],22.0,45.0, UK        ,2023,2,17,10, overflowing with adoration for my adorable pet       ,positive,[],2023-02-17,10,1,7,2023
69,71, Anticipating a thrilling adventure in the coming weeks. , Anticipation ,2023-02-17 07:30:00, AdventureAwaits  , Instagram ,[],20.0,40.0,USA,2023,2,17,7, anticipating a thrilling adventure in the coming weeks ,positive,[],2023-02-17,7,1,7,2023
70,72, A bitter experience turned into a valuable lesson.      , Bitter       ,2023-02-17 15:00:00, LearnFromBitter , Facebook ,[],18.0,35.0, USA       ,2023,2,17,15, a bitter experience turned into a valuable lesson      ,positive,[],2023-02-17,15,1,7,2023
71,73, Finding calmness in the midst of a busy day.            , Calmness     ,2023-02-18 09:30:00, ZenMaster       , Twitter  ,[],15.0,30.0, India     ,2023,2,18,9, finding calmness in the midst of a busy day            ,positive,[],2023-02-18,9,1,7,2023
72,74, Confusion clouds my mind as I navigate through decisions., Confusion    ,2023-02-18 14:20:00, ConfusedMind    , Instagram ,[],25.0,50.0, UK   ,2023,2,18,14, confusion clouds my mind as i navigate through decisions,negative,[],2023-02-18,14,-1,7,2023
73,75, Excitement building up for the upcoming vacation!       , Excitement   ,2023-02-18 18:45:00, VacationDreamer , Facebook ,[],22.0,45.0, Canada    ,2023,2,18,18, excitement building up for the upcoming vacation       ,positive,[],2023-02-18,18,1,7,2023
74,76, Kindness witnessed today restored my faith in humanity. , Kind         ,2023-02-19 11:30:00, KindnessPrevails, Twitter  ,[],20.0,40.0, USA       ,2023,2,19,11, kindness witnessed today restored my faith in humanity ,positive,[],2023-02-19,11,1,7,2023
75,77, Pride in achieving a personal milestone.               , Pride        ,2023-02-19 16:00:00, PersonalAchiever, Instagram ,[],30.0,60.0, Australia    ,2023,2,19,16, pride in achieving a personal milestone               ,positive,[],2023-02-19,16,1,7,2023
76,78, A moment of shame for not standing up against injustice. , Shame        ,2023-02-19 19:45:00, ReflectiveSelf  , Facebook ,[],15.0,30.0, India      ,2023,2,19,19, a moment of shame for not standing up against injustice ,negative,[],2023-02-19,19,-1,7,2023
77,79, Fuming with anger after a heated argument.            , Anger        ,2023-02-20 09:30:00, AngryDebater    , Twitter  ,[],20.0,40.0, Canada     ,2023,2,20,9, fuming with anger after a heated argument            ,negative,[],2023-02-20,9,-1,8,2023
78,80, The fear of the unknown is keeping me up at night.    , Fear         ,2023-02-20 21:15:00, FearfulDreamer  , Instagram ,[],15.0,30.0, USA          ,2023,2,20,21, the fear of the unknown is keeping me up at night    ,negative,[],2023-02-20,21,-1,8,2023
79,81, Heartfelt sadness after bidding farewell to a dear friend. , Sadness      ,2023-02-21 14:45:00, FarewellHeart   , Facebook ,[],25.0,50.0, India      ,2023,2,21,14, heartfelt sadness after bidding farewell to a dear friend ,positive,[],2023-02-21,14,1,8,2023
80,82, The state of corruption in our society is utterly disgusting. , Disgust      ,2023-02-21 18:20:00, AntiCorruption  , Twitter  ,[],18.0,35.0, UK         ,2023,2,21,18, the state of corruption in our society is utterly disgusting ,negative,[],2023-02-21,18,-1,8,2023
81,83, Overflowing happiness: welcoming a new family member!  , Happiness    ,2023-02-22 10:00:00, NewParentJoy    , Instagram ,[],30.0,60.0, UK           ,2023,2,22,10, overflowing happiness welcoming a new family member  ,positive,[],2023-02-22,10,1,8,2023
82,84, Laughter is the key to joy—attending a stand-up comedy show. , Joy          ,2023-02-22 19:30:00, StandUpFan      , Facebook ,[],22.0,45.0, Canada    ,2023,2,22,19, laughter is the key to joyattending a standup comedy show ,positive,[],2023-02-22,19,1,8,2023
83,85, Sending love to all my followers on this beautiful day! ❤️ , Love         ,2023-02-23 08:30:00, LoveSender      , Twitter  ,[],15.0,30.0, Australia  ,2023,2,23,8, sending love to all my followers on this beautiful day  ,positive,[],2023-02-23,8,1,8,2023
84,86, Amused by the antics of my pet—it's pure amusement!      , Amusement    ,2023-02-23 14:20:00, PetAmuser       , Instagram ,[],18.0,35.0, UK           ,2023,2,23,14, amused by the antics of my petits pure amusement      ,positive,[],2023-02-23,14,1,8,2023
85,87, Enjoying every moment of this trip—pure enjoyment!      , Enjoyment    ,2023-02-23 19:45:00, TravelExplorer  , Facebook ,[],25.0,50.0, USA ,2023,2,23,19, enjoying every moment of this trippure enjoyment      ,positive,[],2023-02-23,19,1,8,2023
86,88, Admiring the dedication of volunteers at a local charity. , Admiration   ,2023-02-24 11:30:00, CharityAdmirer  , Twitter  ,[],20.0,40.0, USA        ,2023,2,24,11, admiring the dedication of volunteers at a local charity ,positive,[],2023-02-24,11,1,8,2023
87,89, Sending affectionate vibes to friends and family.        , Affection    ,2023-02-24 16:00:00, FamilyLover     , Instagram ,[],15.0,30.0,USA,2023,2,24,16, sending affectionate vibes to friends and family        ,positive,[],2023-02-24,16,1,8,2023
88,90, Awe-struck by the beauty of the night sky.               , Awe          ,2023-02-24 20:30:00, Stargazer       , Facebook ,[],22.0,45.0, Australia ,2023,2,24,20, awestruck by the beauty of the night sky               ,positive,[],2023-02-24,20,1,8,2023
89,91, Disappointed with the lack of progress in a personal project. , Disappointed ,2023-02-25 09:00:00, ProjectStruggle , Twitter  ,[],18.0,35.0, India      ,2023,2,25,9, disappointed with the lack of progress in a personal project ,negative,[],2023-02-25,9,-1,8,2023
90,92, A surprise visit from an old friend brought tears of joy. , Surprise     ,2023-02-25 14:45:00, JoyfulReunion   , Instagram ,[],25.0,50.0, USA          ,2023,2,25,14, a surprise visit from an old friend brought tears of joy ,positive,[],2023-02-25,14,1,8,2023
91,93, Embracing acceptance of life's ups and downs.           , Acceptance   ,2023-02-25 18:20:00, LifeAcceptance  , Facebook ,[],15.0,30.0, Canada     ,2023,2,25,18, embracing acceptance of lifes ups and downs           ,positive,[],2023-02-25,18,1,8,2023
92,94, Overflowing adoration for a cute rescue puppy! 🐶       , Adoration    ,2023-02-26 10:45:00, PuppyAdmirer    , Twitter  ,[],22.0,45.0, UK         ,2023,2,26,10, overflowing adoration for a cute rescue puppy        ,positive,[],2023-02-26,10,1,8,2023
93,95, Anticipating the release of a much-awaited movie.       , Anticipation ,2023-02-26 07:30:00, MovieBuff2      , Instagram ,[],20.0,40.0, Australia    ,2023,2,26,7, anticipating the release of a muchawaited movie       ,neutral,[],2023-02-26,7,0,8,2023
94,96, Bitter experience at the customer service department.   , Bitter       ,2023-02-26 15:00:00, CustomerWoes    , Facebook ,[],18.0,35.0, USA       ,2023,2,26,15, bitter experience at the customer service department   ,negative,[],2023-02-26,15,-1,8,2023
95,97, Finding calmness amidst the chaos of daily life.        , Calmness     ,2023-02-27 09:30:00, CalmSoul        , Twitter  ,[],15.0,30.0, India     ,2023,2,27,9, finding calmness amidst the chaos of daily life        ,negative,[],2023-02-27,9,-1,9,2023
96,98, Confusion reigns as I try to make sense of recent events., Confusion    ,2023-02-27 14:20:00, ConfusedMind2   , Instagram ,[],25.0,50.0, UK   ,2023,2,27,14, confusion reigns as i try to make sense of recent events,negative,[],2023-02-27,14,-1,9,2023
97,99, Excitement building up for a surprise birthday party.   , Excitement   ,2023-02-27 18:45:00, BirthdayExcite  , Facebook ,[],22.0,45.0, Canada ,2023,2,27,18, excitement building up for a surprise birthday party   ,positive,[],2023-02-27,18,1,9,2023
98,100, Witnessed an act of kindness that made my day.          , Kind         ,2023-02-28 11:30:00, KindnessObserver, Twitter  ,[],20.0,40.0, USA       ,2023,2,28,11, witnessed an act of kindness that made my day          ,positive,[],2023-02-28,11,1,9,2023
99,101, Pride in completing a challenging fitness challenge.    , Pride        ,2023-02-28 16:00:00, FitAchiever     , Instagram ,[],30.0,60.0, UK            ,2023,2,28,16, pride in completing a challenging fitness challenge    ,positive,[],2023-02-28,16,1,9,2023
100,102, A moment of shame for not speaking up against injustice., Shame        ,2023-02-28 19:45:00, ReflectiveSelf2 , Facebook ,[],15.0,30.0, India     ,2023,2,28,19, a moment of shame for not speaking up against injustice,negative,[],2023-02-28,19,-1,9,2023
101,103, Reflecting on the beauty of diversity in our world.     , Acceptance   ,2023-03-01 10:45:00, DiversityLover  , Twitter  ,[],22.0,45.0, Australia ,2023,3,1,10, reflecting on the beauty of diversity in our world     ,positive,[],2023-03-01,10,1,9,2023
102,104, Excitement for a quiet evening with a good book.        , Excitement   ,2023-03-01 13:30:00, BookwormJoy     , Instagram ,[],18.0,35.0, USA          ,2023,3,1,13, excitement for a quiet evening with a good book        ,positive,[],2023-03-01,13,1,9,2023
103,105, Feeling bitter about the unfairness in the workplace.   , Bitter       ,2023-03-01 17:45:00, WorkplaceWoes   , Twitter  ,[],15.0,30.0, Canada    ,2023,3,1,17, feeling bitter about the unfairness in the workplace   ,negative,[],2023-03-01,17,-1,9,2023
104,106, Calmness prevails as I practice mindfulness.            , Calmness     ,2023-03-02 18:00:00, MindfulMe       , Facebook ,[],15.0,30.0, UK        ,2023,3,2,18, calmness prevails as i practice mindfulness            ,positive,[],2023-03-02,18,1,9,2023
105,107, Confusion surrounds me as I navigate through life's choices. , Confusion ,2023-03-02 13:15:00, ConfusedMind3   , Instagram ,[],30.0,60.0, USA   ,2023,3,2,13, confusion surrounds me as i navigate through lifes choices ,negative,[],2023-03-02,13,-1,9,2023
106,108, Excitement for a weekend road trip to explore new places. , Excitement ,2023-03-02 16:45:00, RoadTripper2    , Twitter  ,[],25.0,50.0, India     ,2023,3,2,16, excitement for a weekend road trip to explore new places ,positive,[],2023-03-02,16,1,9,2023
107,109, Kindness witnessed today restores my faith in humanity.  , Kind         ,2023-03-03 11:30:00, KindnessPrevails2, Facebook ,[],22.0,45.0, USA       ,2023,3,3,11, kindness witnessed today restores my faith in humanity  ,positive,[],2023-03-03,11,1,9,2023
108,110, Pride in accomplishing personal and professional goals.  , Pride        ,2023-03-03 14:30:00, GoalAchiever    , Instagram ,[],12.0,25.0, Canada ,2023,3,3,14, pride in accomplishing personal and professional goals  ,positive,[],2023-03-03,14,1,9,2023
109,111, Shame for not being true to my values in a difficult situation., Shame ,2023-03-03 12:00:00, ReflectiveSelf3 , Twitter  ,[],15.0,30.0, UK        ,2023,3,3,12, shame for not being true to my values in a difficult situation,negative,[],2023-03-03,12,-1,9,2023
110,112," Revisiting old memories, feeling a sense of elation. ", Elation       ,2010-05-15 15:30:00, NostalgiaFan    , Twitter  ,[],20.0,40.0, Canada    ,2010,5,15,15, revisiting old memories feeling a sense of elation ,positive,[],2010-05-15,15,1,19,2010
111,113, The victory of our team brought euphoria to the city. , Euphoria      ,2021-08-10 21:15:00, SportsFanatic   , Instagram ,[],15.0,30.0, USA      ,2021,8,10,21, the victory of our team brought euphoria to the city ,positive,[],2021-08-10,21,1,32,2021
112,114," Embracing the beauty of nature, a moment of contentment. ", Contentment   ,2011-06-20 14:45:00, NatureLover2    , Facebook ,[],25.0,50.0, India       ,2011,6,20,14, embracing the beauty of nature a moment of contentment ,positive,[],2011-06-20,14,1,25,2011
113,115," Meditating by the serene lake, finding inner peace.   ", Serenity      ,2022-02-12 18:20:00, ZenMaster2      , Twitter  ,[],18.0,35.0, UK          ,2022,2,12,18, meditating by the serene lake finding inner peace   ,positive,[],2022-02-12,18,1,6,2022
114,116, Overflowing with gratitude for life's blessings.      , Gratitude     ,2012-11-25 10:00:00, ThankfulHeart   , Instagram ,[],30.0,60.0, Australia   ,2012,11,25,10, overflowing with gratitude for lifes blessings      ,positive,[],2012-11-25,10,1,47,2012
115,117," Hopeful for a brighter tomorrow, despite challenges.  ", Hope          ,2013-04-05 19:30:00, OptimisticSoul  , Facebook ,[],22.0,45.0, USA      ,2013,4,5,19, hopeful for a brighter tomorrow despite challenges  ,positive,[],2013-04-05,19,1,14,2013
116,118, Empowered to make a difference in my community.        , Empowerment   ,2014-09-14 08:30:00, CommunityLeader , Twitter  ,[],15.0,30.0, UK       ,2014,9,14,8, empowered to make a difference in my community        ,neutral,[],2014-09-14,8,0,37,2014
117,119, Compassion in action: supporting a local charity event. , Compassion    ,2015-07-18 14:20:00, CharitySupporter, Instagram ,[],18.0,35.0, Canada ,2015,7,18,14, compassion in action supporting a local charity event ,positive,[],2015-07-18,14,1,29,2015
118,120," A moment of tenderness, connecting with loved ones.    ", Tenderness    ,2016-02-23 19:45:00, LovingHeart     , Facebook ,[],25.0,50.0, UK          ,2016,2,23,19, a moment of tenderness connecting with loved ones    ,positive,[],2016-02-23,19,1,8,2016
119,121, Arousal of excitement as I await a special announcement., Arousal       ,2017-10-30 11:30:00, ExcitementFan   , Twitter  ,[],20.0,40.0, Australia ,2017,10,30,11, arousal of excitement as i await a special announcement,positive,[],2017-10-30,11,1,44,2017
120,122, Enthusiastically diving into a new project.            , Enthusiasm    ,2018-06-15 16:00:00, ProjectEnthusiast, Instagram ,[],15.0,30.0, USA  ,2018,6,15,16, enthusiastically diving into a new project            ,positive,[],2018-06-15,16,1,24,2018
121,123, Feeling a sense of fulfillment after reaching a milestone., Fulfillment  ,2019-03-28 18:20:00, MilestoneAchiever, Facebook ,[],22.0,45.0, India     ,2019,3,28,18, feeling a sense of fulfillment after reaching a milestone,positive,[],2019-03-28,18,1,13,2019
122,124, Reverence for the beauty of a historic landmark.       , Reverence     ,2019-11-11 15:00:00, HistoryLover    , Twitter  ,[],18.0,35.0, UK      ,2019,11,11,15, reverence for the beauty of a historic landmark       ,positive,[],2019-11-11,15,1,46,2019
123,125, Elation after a surprise reunion with old friends.    , Elation       ,2020-04-02 09:30:00, JoyfulReunion2  , Instagram ,[],25.0,50.0, Canada      ,2020,4,2,9, elation after a surprise reunion with old friends    ,positive,[],2020-04-02,9,1,14,2020
124,126, The euphoria of a live music concert under the stars.  , Euphoria      ,2021-06-19 14:45:00, MusicEnthusiast , Facebook ,[],15.0,30.0, USA ,2021,6,19,14, the euphoria of a live music concert under the stars  ,positive,[],2021-06-19,14,1,24,2021
125,127, Contentment in the simplicity of a quiet Sunday.       , Contentment   ,2010-08-15 10:00:00, SimpleJoys      , Twitter  ,[],30.0,60.0, Australia ,2010,8,15,10, contentment in the simplicity of a quiet sunday       ,positive,[],2010-08-15,10,1,32,2010
126,128, Serenity found in the pages of a favorite book.        , Serenity      ,2011-09-22 19:30:00, BookLover3      , Instagram ,[],22.0,45.0, UK          ,2011,9,22,19, serenity found in the pages of a favorite book        ,positive,[],2011-09-22,19,1,38,2011
127,129, Gratitude for the support received during tough times. , Gratitude     ,2012-03-10 08:30:00, SupportiveFriend, Facebook ,[],15.0,30.0, India     ,2012,3,10,8, gratitude for the support received during tough times ,positive,[],2012-03-10,8,1,10,2012
128,130, Hopeful about the possibilities of a new journey.      , Hope          ,2013-12-05 16:00:00, JourneyOptimist , Twitter  ,[],18.0,35.0, Canada    ,2013,12,5,16, hopeful about the possibilities of a new journey      ,positive,[],2013-12-05,16,1,49,2013
129,131, Empowerment through learning and personal growth.      , Empowerment   ,2014-07-20 11:30:00, GrowthSeeker    , Instagram ,[],25.0,50.0,USA,2014,7,20,11, empowerment through learning and personal growth      ,positive,[],2014-07-20,11,1,29,2014
130,132, Compassion towards those in need during the holidays.  , Compassion    ,2015-12-22 14:20:00, HolidayHelper   , Facebook ,[],18.0,35.0, USA      ,2015,12,22,14, compassion towards those in need during the holidays  ,positive,[],2015-12-22,14,1,52,2015
131,133, Tenderness in the warmth of a cozy winter evening.     , Tenderness    ,2016-02-10 19:45:00, WinterWarmth    , Twitter  ,[],25.0,50.0, UK       ,2016,2,10,19, tenderness in the warmth of a cozy winter evening     ,positive,[],2016-02-10,19,1,6,2016
132,134, Arousal of excitement for an upcoming adventure.       , Arousal       ,2017-04-30 11:30:00, AdventureAwaits , Instagram ,[],20.0,40.0, Australia ,2017,4,30,11, arousal of excitement for an upcoming adventure       ,positive,[],2017-04-30,11,1,17,2017
133,135, Enthusiasm for a creative project in the making.       , Enthusiasm    ,2018-09-15 16:00:00, CreativeSpirit  , Facebook ,[],15.0,30.0, Canada    ,2018,9,15,16, enthusiasm for a creative project in the making       ,positive,[],2018-09-15,16,1,37,2018
134,136, Fulfillment in completing a challenging workout routine., Fulfillment  ,2019-06-28 18:20:00, FitnessAchiever , Twitter  ,[],22.0,45.0, India     ,2019,6,28,18, fulfillment in completing a challenging workout routine,positive,[],2019-06-28,18,1,26,2019
135,137, Reverence for the artistry displayed in a museum.      , Reverence     ,2020-11-11 15:00:00, ArtAppreciator  , Instagram ,[],18.0,35.0, UK        ,2020,11,11,15, reverence for the artistry displayed in a museum      ,neutral,[],2020-11-11,15,0,46,2020
136,138, Elation after achieving a personal goal.               , Elation       ,2021-03-02 09:30:00, GoalAchiever2   , Facebook ,[],25.0,50.0, USA      ,2021,3,2,9, elation after achieving a personal goal               ,positive,[],2021-03-02,9,1,9,2021
137,139, Elation over discovering a hidden gem in the city.   , Elation       ,2012-02-18 14:30:00, UrbanExplorer2  , Twitter  ,[],20.0,40.0, USA      ,2012,2,18,14, elation over discovering a hidden gem in the city   ,positive,[],2012-02-18,14,1,7,2012
138,140, The euphoria of a surprise birthday celebration.     , Euphoria      ,2018-11-05 21:45:00, BirthdayJoy     , Instagram ,[],15.0,30.0, UK   ,2018,11,5,21, the euphoria of a surprise birthday celebration     ,positive,[],2018-11-05,21,1,45,2018
139,141, Contentment in the simplicity of a home-cooked meal. , Contentment   ,2015-09-12 13:20:00, HomeChef        , Facebook ,[],25.0,50.0, India    ,2015,9,12,13, contentment in the simplicity of a homecooked meal ,positive,[],2015-09-12,13,1,37,2015
140,142, Serenity found in the melody of a peaceful piano.    , Serenity      ,2016-07-30 18:10:00, MusicLover4     , Twitter  ,[],18.0,35.0, Canada      ,2016,7,30,18, serenity found in the melody of a peaceful piano    ,positive,[],2016-07-30,18,1,30,2016
141,143, Gratitude for the supportive community around me.    , Gratitude     ,2013-04-20 10:30:00, CommunityLove   , Instagram ,[],30.0,60.0, USA ,2013,4,20,10, gratitude for the supportive community around me    ,positive,[],2013-04-20,10,1,16,2013
142,144, Hopeful about the prospects of a new business venture., Hope          ,2017-12-08 19:15:00, EntrepreneurHope, Facebook ,[],22.0,45.0, Canada    ,2017,12,8,19, hopeful about the prospects of a new business venture,positive,[],2017-12-08,19,1,49,2017
143,145, Empowerment through mentoring and guiding others.    , Empowerment   ,2014-06-03 08:20:00, MentorEmpower   , Twitter  ,[],15.0,30.0, UK       ,2014,6,3,8, empowerment through mentoring and guiding others    ,neutral,[],2014-06-03,8,0,23,2014
144,146, Compassion shown through acts of kindness in the community., Compassion,2019-01-15 14:50:00, KindnessInAction, Instagram ,[],18.0,35.0, Australia ,2019,1,15,14, compassion shown through acts of kindness in the community,positive,[],2019-01-15,14,1,3,2019
145,147, Tenderness in a heartfelt message to a loved one.    , Tenderness    ,2016-12-25 19:30:00, LoveExpress     , Facebook ,[],25.0,50.0, UK          ,2016,12,25,19, tenderness in a heartfelt message to a loved one    ,positive,[],2016-12-25,19,1,51,2016
146,148, Arousal of excitement before a much-awaited trip.    , Arousal       ,2018-03-10 09:45:00, TravelExcitement, Twitter  ,[],20.0,40.0, India    ,2018,3,10,9, arousal of excitement before a muchawaited trip    ,positive,[],2018-03-10,9,1,10,2018
147,149, Enthusiasm for a new artistic project in the works.  , Enthusiasm    ,2020-09-17 16:30:00, ArtisticSpirit  , Instagram ,[],15.0,30.0, USA       ,2020,9,17,16, enthusiasm for a new artistic project in the works  ,positive,[],2020-09-17,16,1,38,2020
148,150, Feeling a sense of fulfillment after helping others. , Fulfillment   ,2011-08-28 18:45:00, HelperHeart     , Facebook ,[],22.0,45.0, Canada    ,2011,8,28,18, feeling a sense of fulfillment after helping others ,positive,[],2011-08-28,18,1,34,2011
149,151, Reverence for the historical significance of a landmark., Reverence ,2017-11-01 15:30:00, HistoryBuff     , Twitter  ,[],18.0,35.0, Australia ,2017,11,1,15, reverence for the historical significance of a landmark,positive,[],2017-11-01,15,1,44,2017
150,152, Elation after achieving a fitness milestone.         , Elation       ,2019-06-15 10:00:00, FitnessAchiever2, Instagram ,[],25.0,50.0, UK           ,2019,6,15,10, elation after achieving a fitness milestone         ,positive,[],2019-06-15,10,1,24,2019
151,153, The euphoria of a successful product launch.         , Euphoria      ,2022-04-03 11:45:00, ProductLaunchJoy, Facebook ,[],15.0,30.0, USA       ,2022,4,3,11, the euphoria of a successful product launch         ,positive,[],2022-04-03,11,1,13,2022
152,154, Contentment in the embrace of a loved one.           , Contentment   ,2010-11-12 20:20:00, LovingEmbrace   , Twitter  ,[],30.0,60.0, India    ,2010,11,12,20, contentment in the embrace of a loved one           ,positive,[],2010-11-12,20,1,45,2010
153,155, Serenity found in the beauty of a sunset by the sea.  , Serenity      ,2011-07-22 18:30:00, SunsetWatcher2  , Instagram ,[],22.0,45.0, Canada     ,2011,7,22,18, serenity found in the beauty of a sunset by the sea  ,positive,[],2011-07-22,18,1,29,2011
154,156, Gratitude for the small joys that each day brings.   , Gratitude     ,2012-03-30 11:20:00, JoyfulHeart2    , Facebook ,[],15.0,30.0, Australia   ,2012,3,30,11, gratitude for the small joys that each day brings   ,positive,[],2012-03-30,11,1,13,2012
155,157, Hopeful about the potential for personal growth.      , Hope          ,2013-10-05 16:40:00, GrowthOptimist  , Twitter  ,[],18.0,35.0, UK       ,2013,10,5,16, hopeful about the potential for personal growth      ,positive,[],2013-10-05,16,1,40,2013
156,158, Empowerment through learning a new skill.            , Empowerment   ,2014-07-10 13:15:00, SkillEmpower    , Instagram ,[],25.0,50.0, India   ,2014,7,10,13, empowerment through learning a new skill            ,neutral,[],2014-07-10,13,0,28,2014
157,159, Compassion in volunteering for a local charity.       , Compassion    ,2015-12-18 14:20:00, CharityVolunteer, Facebook ,[],18.0,35.0, USA      ,2015,12,18,14, compassion in volunteering for a local charity       ,positive,[],2015-12-18,14,1,51,2015
158,160, Tenderness in a quiet moment shared with a pet.      , Tenderness    ,2016-02-10 19:45:00, PetLove         , Twitter  ,[],25.0,50.0, Canada   ,2016,2,10,19, tenderness in a quiet moment shared with a pet      ,positive,[],2016-02-10,19,1,6,2016
159,161, Arousal of excitement for an upcoming festival.       , Arousal       ,2017-09-25 11:30:00, FestivalFan     , Instagram ,[],20.0,40.0, UK ,2017,9,25,11, arousal of excitement for an upcoming festival       ,positive,[],2017-09-25,11,1,39,2017
160,162, Enthusiasm for a DIY home improvement project.       , Enthusiasm    ,2018-04-15 16:00:00, DIYEnthusiast   , Facebook ,[],15.0,30.0, Australia   ,2018,4,15,16, enthusiasm for a diy home improvement project       ,positive,[],2018-04-15,16,1,15,2018
161,163, Fulfillment in completing a challenging puzzle.      , Fulfillment   ,2019-11-28 18:20:00, PuzzleMaster    , Twitter  ,[],22.0,45.0, India    ,2019,11,28,18, fulfillment in completing a challenging puzzle      ,positive,[],2019-11-28,18,1,48,2019
162,164, Reverence for the wonders of nature on a hiking trail., Reverence ,2020-05-11 15:00:00, NatureAdmirer   , Instagram ,[],18.0,35.0, USA        ,2020,5,11,15, reverence for the wonders of nature on a hiking trail,neutral,[],2020-05-11,15,0,20,2020
163,165, Elation after a surprise reunion with a childhood friend., Elation   ,2021-02-05 09:30:00, ChildhoodJoy    , Facebook ,[],25.0,50.0, Canada      ,2021,2,5,9, elation after a surprise reunion with a childhood friend,positive,[],2021-02-05,9,1,5,2021
164,166, Suffering from despair after another setback.      , Despair         ,2021-03-10 08:30:00, StrugglingSoul    , Twitter  ,[],5.0,10.0, USA          ,2021,3,10,8, suffering from despair after another setback      ,negative,[],2021-03-10,8,-1,10,2021
165,167," Overwhelmed by grief, missing a loved one dearly.  ", Grief           ,2022-07-05 15:45:00, MourningHeart     , Instagram ,[],8.0,15.0, Canada          ,2022,7,5,15, overwhelmed by grief missing a loved one dearly  ,positive,[],2022-07-05,15,1,27,2022
166,168, Loneliness creeps in as the night grows colder.    , Loneliness      ,2019-11-18 21:20:00, SolitarySoul      , Facebook ,[],10.0,20.0, UK           ,2019,11,18,21, loneliness creeps in as the night grows colder    ,negative,[],2019-11-18,21,-1,47,2019
167,169, Jealousy consumes me as I witness others' success. , Jealousy        ,2020-08-12 11:30:00, EnviousObserver   , Twitter  ,[],12.0,25.0, India        ,2020,8,12,11, jealousy consumes me as i witness others success ,positive,[],2020-08-12,11,1,33,2020
168,170, Resentment building up over past betrayals.        , Resentment      ,2018-05-22 14:45:00, BitterHeart       , Instagram ,[],7.0,15.0, Australia     ,2018,5,22,14, resentment building up over past betrayals        ,negative,[],2018-05-22,14,-1,21,2018
169,171, Frustration mounts as obstacles block my path.     , Frustration     ,2017-01-30 16:10:00, BlockedGoals      , Facebook ,[],10.0,20.0, USA          ,2017,1,30,16, frustration mounts as obstacles block my path     ,negative,[],2017-01-30,16,-1,5,2017
170,172," Boredom sets in, the day feels endlessly dull.     ", Boredom         ,2016-09-28 19:45:00, BoredMind         , Twitter  ,[],8.0,15.0, Canada        ,2016,9,28,19, boredom sets in the day feels endlessly dull     ,negative,[],2016-09-28,19,-1,39,2016
171,173," Anxiety grips my heart, worry clouds my thoughts.  ", Anxiety         ,2019-04-15 09:00:00, WorriedMind       , Instagram ,[],12.0,25.0, UK           ,2019,4,15,9, anxiety grips my heart worry clouds my thoughts  ,positive,[],2019-04-15,9,1,16,2019
172,174, Intimidation by the unknown future ahead.          , Intimidation    ,2021-12-03 18:30:00, FearfulSoul       , Facebook ,[],15.0,30.0, India        ,2021,12,3,18, intimidation by the unknown future ahead          ,negative,[],2021-12-03,18,-1,48,2021
173,175, Helplessness sinks in as challenges pile up.       , Helplessness    ,2020-06-20 14:20:00, OverwhelmedHeart  , Twitter  ,[],8.0,15.0, Australia    ,2020,6,20,14, helplessness sinks in as challenges pile up       ,negative,[],2020-06-20,14,-1,25,2020
174,176, Envy eats away at me as I see others' prosperity.  , Envy            ,2018-11-07 11:30:00, CovetousMind     , Instagram ,[],10.0,20.0, Canada        ,2018,11,7,11, envy eats away at me as i see others prosperity  ,negative,[],2018-11-07,11,-1,45,2018
175,177, Regret over missed opportunities haunts my thoughts., Regret         ,2017-08-25 16:00:00, RemorsefulSoul   , Facebook ,[],12.0,25.0, UK           ,2017,8,25,16, regret over missed opportunities haunts my thoughts,negative,[],2017-08-25,16,-1,34,2017
176,178, Disgust at the sight of injustice and cruelty.     , Disgust         ,2019-02-11 09:45:00, DisgustedHeart   , Twitter  ,[],7.0,15.0, India        ,2019,2,11,9, disgust at the sight of injustice and cruelty     ,negative,[],2019-02-11,9,-1,7,2019
177,179," Drowning in despair, hope slipping through my fingers.", Despair      ,2016-04-02 20:20:00, HopelessHeart    , Instagram ,[],10.0,20.0, USA          ,2016,4,2,20, drowning in despair hope slipping through my fingers,positive,[],2016-04-02,20,1,13,2016
178,180," Grief weighs heavy, tears a constant companion.    ", Grief           ,2015-10-18 15:30:00, TearfulSoul      , Facebook ,[],12.0,25.0, Canada        ,2015,10,18,15, grief weighs heavy tears a constant companion    ,negative,[],2015-10-18,15,-1,42,2015
179,181," Loneliness in a crowded room, a silent cry for connection.", Loneliness ,2019-07-12 18:10:00, IsolatedMind     , Twitter  ,[],15.0,30.0, UK            ,2019,7,12,18, loneliness in a crowded room a silent cry for connection,negative,[],2019-07-12,18,-1,28,2019
180,182," Jealousy gnaws at my confidence, a toxic emotion.  ", Jealousy        ,2018-06-03 16:30:00, SelfDoubt        , Instagram ,[],8.0,15.0, India         ,2018,6,3,16, jealousy gnaws at my confidence a toxic emotion  ,positive,[],2018-06-03,16,1,22,2018
181,183," Resentment festers, poisoning relationships.       ", Resentment      ,2022-01-15 12:00:00, BrokenTrust      , Facebook ,[],10.0,20.0, Australia    ,2022,1,15,12, resentment festers poisoning relationships       ,negative,[],2022-01-15,12,-1,2,2022
182,184," Frustration boils over, a volcanic eruption of emotions.", Frustration ,2017-04-10 14:45:00, ExplosiveMind    , Twitter  ,[],12.0,25.0, USA          ,2017,4,10,14, frustration boils over a volcanic eruption of emotions,negative,[],2017-04-10,14,-1,15,2017
183,185," Boredom settles like dust, life feels mundane.     ", Boredom         ,2016-11-28 19:00:00, MundaneHeart     , Instagram ,[],7.0,15.0, Canada        ,2016,11,28,19, boredom settles like dust life feels mundane     ,positive,[],2016-11-28,19,1,48,2016
184,186," Anxiety grips my chest, a relentless grip on my thoughts.", Anxiety   ,2018-09-05 09:30:00, RestlessMind     , Facebook ,[],10.0,20.0, UK            ,2018,9,5,9, anxiety grips my chest a relentless grip on my thoughts,negative,[],2018-09-05,9,-1,36,2018
185,187," Intimidation by the challenges ahead, fear takes hold.", Intimidation ,2021-10-22 18:30:00, FearfulJourney   , Twitter  ,[],15.0,30.0, India         ,2021,10,22,18, intimidation by the challenges ahead fear takes hold,negative,[],2021-10-22,18,-1,42,2021
186,188," Helplessness engulfs me, drowning in a sea of problems.", Helplessness ,2019-05-08 14:20:00, OverwhelmedSoul  , Instagram ,[],8.0,15.0, Australia    ,2019,5,8,14, helplessness engulfs me drowning in a sea of problems,negative,[],2019-05-08,14,-1,19,2019
187,189," Envy poisons my thoughts, coveting others' success.", Envy            ,2017-03-20 11:30:00, GreenEyedMonster , Facebook ,[],10.0,20.0, Canada        ,2017,3,20,11, envy poisons my thoughts coveting others success,negative,[],2017-03-20,11,-1,12,2017
188,190, Regret for decisions that led to a painful present., Regret         ,2018-12-15 16:00:00, RegretfulMind    , Twitter  ,[],12.0,25.0, USA          ,2018,12,15,16, regret for decisions that led to a painful present,negative,[],2018-12-15,16,-1,50,2018
189,191, Disgust at the corruption that stains society.     , Disgust         ,2016-07-01 09:45:00, CorruptedHeart   , Instagram ,[],7.0,15.0, UK            ,2016,7,1,9, disgust at the corruption that stains society     ,negative,[],2016-07-01,9,-1,26,2016
190,192," Sinking in despair, each day darker than the last. ", Despair         ,2020-08-20 20:20:00, DrowningSoul     , Facebook ,[],10.0,20.0, India         ,2020,8,20,20, sinking in despair each day darker than the last ,negative,[],2020-08-20,20,-1,34,2020
191,193," Grief overwhelms, a storm of emotions within.      ", Grief           ,2021-02-25 15:30:00, StormyHeart      , Twitter  ,[],12.0,25.0, Canada        ,2021,2,25,15, grief overwhelms a storm of emotions within      ,negative,[],2021-02-25,15,-1,8,2021
192,194," Loneliness echoes in empty spaces, yearning for connection.", Loneliness ,2019-09-12 18:10:00, EchoingSoul     , Instagram ,[],15.0,30.0, Australia     ,2019,9,12,18, loneliness echoes in empty spaces yearning for connection,negative,[],2019-09-12,18,-1,37,2019
193,195," Jealousy poisons my thoughts, resentment brewing within.", Jealousy    ,2018-08-05 16:30:00, PoisonedMind    , Facebook ,[],8.0,15.0, USA           ,2018,8,5,16, jealousy poisons my thoughts resentment brewing within,negative,[],2018-08-05,16,-1,31,2018
194,196," Resentment festers, a wound that refuses to heal.  ", Resentment      ,2017-01-12 12:00:00, UnforgivingSoul  , Twitter  ,[],10.0,20.0, India         ,2017,1,12,12, resentment festers a wound that refuses to heal  ,negative,[],2017-01-12,12,-1,2,2017
195,197," Frustration escalates, a thunderstorm of emotions. ", Frustration     ,2022-04-05 14:45:00, ThunderingMind   , Instagram ,[],12.0,25.0, UK            ,2022,4,5,14, frustration escalates a thunderstorm of emotions ,negative,[],2022-04-05,14,-1,14,2022
196,198," Boredom lingers, a stagnant pool of indifference.  ", Boredom         ,2021-10-02 19:00:00, StagnantHeart    , Facebook ,[],7.0,15.0, Canada        ,2021,10,2,19, boredom lingers a stagnant pool of indifference  ,negative,[],2021-10-02,19,-1,39,2021
197,199," Embarking on a journey of discovery, fueled by curiosity and a thirst for knowledge. ", Curiosity       ,2023-04-15 10:15:00, InquisitiveMind   , Twitter  ,[],15.0,30.0, USA          ,2023,4,15,10, embarking on a journey of discovery fueled by curiosity and a thirst for knowledge ,neutral,[],2023-04-15,10,0,15,2023
198,200," Lost in the vast sea of information, an indifferent wave in the digital ocean. ", Indifference    ,2022-11-28 17:30:00, ApatheticObserver , Instagram ,[],7.0,15.0, Canada          ,2022,11,28,17, lost in the vast sea of information an indifferent wave in the digital ocean ,negative,[],2022-11-28,17,-1,48,2022
199,201," The complex puzzle of life leaves me in a state of perpetual confusion, seeking answers in the chaos. ", Confusion       ,2020-04-02 09:45:00, SeekingClarity    , Facebook ,[],10.0,20.0, UK           ,2020,4,2,9, the complex puzzle of life leaves me in a state of perpetual confusion seeking answers in the chaos ,negative,[],2020-04-02,9,-1,14,2020
200,202," A numbness settles over me, a shield against the overwhelming emotions life throws my way. ", Numbness        ,2021-08-10 14:00:00, EmotionallyDistant , Twitter  ,[],8.0,15.0, India        ,2021,8,10,14, a numbness settles over me a shield against the overwhelming emotions life throws my way ,negative,[],2021-08-10,14,-1,32,2021
201,203," Gazing at the sunset, a melancholic longing for moments that slip through the fingers of time. ", Melancholy      ,2019-06-18 20:45:00, SunsetDreamer     , Instagram ,[],12.0,25.0, Australia     ,2019,6,18,20, gazing at the sunset a melancholic longing for moments that slip through the fingers of time ,negative,[],2019-06-18,20,-1,25,2019
202,204," Revisiting old photographs, caught in the embrace of nostalgia's bittersweet symphony. ", Nostalgia       ,2018-02-05 15:15:00, MemoryLaneTraveler , Facebook ,[],10.0,20.0, USA          ,2018,2,5,15, revisiting old photographs caught in the embrace of nostalgias bittersweet symphony ,positive,[],2018-02-05,15,1,6,2018
203,205," Torn between conflicting emotions, an ambivalence that paints my decisions in shades of uncertainty. ", Ambivalence     ,2022-05-30 11:30:00, MixedFeelings     , Twitter  ,[],12.0,25.0, Canada        ,2022,5,30,11, torn between conflicting emotions an ambivalence that paints my decisions in shades of uncertainty ,negative,[],2022-05-30,11,-1,22,2022
204,206," Embracing the ebb and flow of life, finding acceptance in the dance of existence. ", Acceptance      ,2023-01-10 16:20:00, ZenLifestyle      , Instagram ,[],15.0,30.0, UK           ,2023,1,10,16, embracing the ebb and flow of life finding acceptance in the dance of existence ,positive,[],2023-01-10,16,1,2,2023
205,207," Facing challenges head-on, a determination that fuels the fire within to achieve the impossible. ", Determination   ,2020-09-18 13:45:00, ResilientSpirit   , Facebook ,[],10.0,20.0, India        ,2020,9,18,13, facing challenges headon a determination that fuels the fire within to achieve the impossible ,positive,[],2020-09-18,13,1,38,2020
206,208," Serenity found in the stillness of nature, a tranquil retreat from the chaos of the modern world. ", Serenity        ,2021-07-03 19:00:00, NatureSoul        , Twitter  ,[],12.0,25.0, Australia    ,2021,7,3,19, serenity found in the stillness of nature a tranquil retreat from the chaos of the modern world ,negative,[],2021-07-03,19,-1,26,2021
207,209," Curiosity leading me down the rabbit hole of knowledge, a perpetual student in life's classroom. ", Curiosity       ,2022-10-08 08:15:00, EternalLearner    , Instagram ,[],20.0,40.0, USA          ,2022,10,8,8, curiosity leading me down the rabbit hole of knowledge a perpetual student in lifes classroom ,neutral,[],2022-10-08,8,0,40,2022
208,210," Floating through the day with an air of indifference, detached from the mundane happenings around. ", Indifference    ,2023-03-22 16:30:00, AloofObserver     , Facebook ,[],10.0,20.0, Canada        ,2023,3,22,16, floating through the day with an air of indifference detached from the mundane happenings around ,negative,[],2023-03-22,16,-1,12,2023
209,211," Entangled in the web of thoughts, confusion reigning as I navigate the labyrinth of ideas. ", Confusion       ,2021-05-15 11:45:00, ThoughtExplorer   , Twitter  ,[],15.0,30.0, UK            ,2021,5,15,11, entangled in the web of thoughts confusion reigning as i navigate the labyrinth of ideas ,negative,[],2021-05-15,11,-1,19,2021
210,212," Numb to the chaos, emotions locked away, a stoic facade concealing the inner turmoil. ", Numbness        ,2019-12-28 14:30:00, StoicSoul         , Instagram ,[],8.0,15.0, Australia     ,2019,12,28,14, numb to the chaos emotions locked away a stoic facade concealing the inner turmoil ,negative,[],2019-12-28,14,-1,52,2019
211,213," Melancholy whispers in the breeze, a silent conversation with the echoes of forgotten dreams. ", Melancholy      ,2020-03-01 19:00:00, DreamerInSilence  , Facebook ,[],12.0,25.0, India         ,2020,3,1,19, melancholy whispers in the breeze a silent conversation with the echoes of forgotten dreams ,negative,[],2020-03-01,19,-1,9,2020
212,214," Stumbling upon an old journal, nostalgia flooding in waves, carrying me to moments long gone. ", Nostalgia       ,2018-07-10 15:45:00, JournalKeeper     , Twitter  ,[],10.0,20.0, Canada        ,2018,7,10,15, stumbling upon an old journal nostalgia flooding in waves carrying me to moments long gone ,neutral,[],2018-07-10,15,0,28,2018
213,215," A tapestry of conflicting feelings, weaving through uncertainty, caught in the threads of ambivalence. ", Ambivalence     ,2022-01-05 10:30:00, ThreadWeaver      , Instagram ,[],12.0,25.0, UK            ,2022,1,5,10, a tapestry of conflicting feelings weaving through uncertainty caught in the threads of ambivalence ,negative,[],2022-01-05,10,-1,1,2022
214,216," Embracing the flaws, finding acceptance in imperfection, a journey towards self-love. ", Acceptance      ,2021-08-20 16:20:00, SelfLoveAdvocate  , Facebook ,[],15.0,30.0, Australia    ,2021,8,20,16, embracing the flaws finding acceptance in imperfection a journey towards selflove ,positive,[],2021-08-20,16,1,33,2021
215,217," Determination burning like a wildfire, overcoming obstacles, turning dreams into reality. ", Determination   ,2019-11-03 13:45:00, DreamChaser       , Twitter  ,[],18.0,35.0, USA          ,2019,11,3,13, determination burning like a wildfire overcoming obstacles turning dreams into reality ,positive,[],2019-11-03,13,1,44,2019
216,218," Tranquil moments by the ocean, serenity washing over, a peaceful retreat within the waves' embrace. ", Serenity        ,2020-04-12 19:30:00, OceanSoul         , Instagram ,[],25.0,50.0, Canada        ,2020,4,12,19, tranquil moments by the ocean serenity washing over a peaceful retreat within the waves embrace ,positive,[],2020-04-12,19,1,15,2020
217,219," Exploring new horizons with the spark of curiosity, an adventurer in the vast landscape of knowledge. ", Curiosity       ,2022-04-15 08:45:00, HorizonExplorer   , Facebook ,[],22.0,45.0, India         ,2022,4,15,8, exploring new horizons with the spark of curiosity an adventurer in the vast landscape of knowledge ,positive,[],2022-04-15,8,1,15,2022
218,220," Drifting through the day with a nonchalant demeanor, embracing the art of indifference. ", Indifference    ,2023-02-10 17:00:00, NonchalantSpirit  , Twitter  ,[],9.0,18.0, UK            ,2023,2,10,17, drifting through the day with a nonchalant demeanor embracing the art of indifference ,negative,[],2023-02-10,17,-1,6,2023
219,221," Wrestling with thoughts, a perplexed mind lost in the labyrinth of life's complexities. ", Confusion       ,2020-08-05 12:15:00, ComplexThinker    , Instagram ,[],14.0,28.0, Australia    ,2020,8,5,12, wrestling with thoughts a perplexed mind lost in the labyrinth of lifes complexities ,negative,[],2020-08-05,12,-1,32,2020
220,222," Immersed in a state of emotional numbness, a shield against the storm of daily struggles. ", Numbness        ,2021-12-01 15:30:00, ShieldedHeart     , Facebook ,[],10.0,20.0, USA          ,2021,12,1,15, immersed in a state of emotional numbness a shield against the storm of daily struggles ,negative,[],2021-12-01,15,-1,48,2021
221,223," A melancholic symphony playing in the background, the soundtrack of a wistful heart. ", Melancholy      ,2019-03-25 21:00:00, SymphonySoul      , Twitter  ,[],13.0,26.0, Canada        ,2019,3,25,21, a melancholic symphony playing in the background the soundtrack of a wistful heart ,positive,[],2019-03-25,21,1,13,2019
222,224," Flipping through the pages of an old yearbook, nostalgia painting smiles and tears on my face. ", Nostalgia       ,2017-06-18 14:45:00, YearbookExplorer  , Instagram ,[],12.0,25.0, India         ,2017,6,18,14, flipping through the pages of an old yearbook nostalgia painting smiles and tears on my face ,positive,[],2017-06-18,14,1,24,2017
223,225," Torn between opposing emotions, an ambivalence that colors my decisions with shades of uncertainty. ", Ambivalence     ,2022-07-08 11:30:00, DecisiveDilemma   , Facebook ,[],15.0,30.0, Australia    ,2022,7,8,11, torn between opposing emotions an ambivalence that colors my decisions with shades of uncertainty ,negative,[],2022-07-08,11,-1,27,2022
224,226," Embracing life's imperfections, finding acceptance in the journey, scars and all. ", Acceptance      ,2023-05-15 16:20:00, ImperfectHarmony  , Twitter  ,[],18.0,36.0, Canada        ,2023,5,15,16, embracing lifes imperfections finding acceptance in the journey scars and all ,positive,[],2023-05-15,16,1,20,2023
225,227," A fiery determination burning within, fueled by the vision of reaching unparalleled heights. ", Determination   ,2021-09-10 14:45:00, VisionarySpirit   , Instagram ,[],20.0,40.0, UK            ,2021,9,10,14, a fiery determination burning within fueled by the vision of reaching unparalleled heights ,positive,[],2021-09-10,14,1,36,2021
226,228," Basking in the serenity of a quiet forest, where the whispers of nature bring peace to the soul. ", Serenity        ,2020-02-28 18:30:00, ForestDreamer     , Facebook ,[],25.0,50.0, USA          ,2020,2,28,18, basking in the serenity of a quiet forest where the whispers of nature bring peace to the soul ,positive,[],2020-02-28,18,1,9,2020
227,231," Indifferent to the noise of the world, a silent observer in the midst of life's cacophony. ", Indifference    ,2023-03-10 16:30:00, SilentSpectator   , Instagram ,[],9.0,18.0, India         ,2023,3,10,16, indifferent to the noise of the world a silent observer in the midst of lifes cacophony ,negative,[],2023-03-10,16,-1,10,2023
228,232," Navigating through the labyrinth of thoughts, confusion a constant companion in the maze of ideas. ", Confusion       ,2021-05-02 11:45:00, MazeNavigator     , Facebook ,[],14.0,28.0, Australia    ,2021,5,2,11, navigating through the labyrinth of thoughts confusion a constant companion in the maze of ideas ,negative,[],2021-05-02,11,-1,17,2021
229,233," An impenetrable numbness shields me from the emotional storms, a fortress of stoic resilience. ", Numbness        ,2019-10-18 14:30:00, ResilientFortress , Twitter  ,[],11.0,22.0, UK            ,2019,10,18,14, an impenetrable numbness shields me from the emotional storms a fortress of stoic resilience ,negative,[],2019-10-18,14,-1,42,2019
230,234," Melancholy painting the world in hues of nostalgia, a canvas of bittersweet memories. ", Melancholy      ,2020-01-05 20:00:00, CanvasDreamer     , Instagram ,[],13.0,26.0, USA          ,2020,1,5,20, melancholy painting the world in hues of nostalgia a canvas of bittersweet memories ,negative,[],2020-01-05,20,-1,1,2020
231,235," A journey into the past, flipping through the pages of an old diary, nostalgia taking the lead. ", Nostalgia       ,2018-08-10 15:45:00, DiaryExplorer     , Facebook ,[],12.0,25.0, Canada        ,2018,8,10,15, a journey into the past flipping through the pages of an old diary nostalgia taking the lead ,neutral,[],2018-08-10,15,0,32,2018
232,236," Ambivalence clouding decisions, caught in the crossroads of conflicting emotions. ", Ambivalence     ,2022-01-15 10:30:00, CrossroadsTraveler , Twitter  ,[],15.0,30.0, India         ,2022,1,15,10, ambivalence clouding decisions caught in the crossroads of conflicting emotions ,negative,[],2022-01-15,10,-1,2,2022
233,237," Embracing imperfections, finding acceptance in the mosaic of life's beautiful chaos. ", Acceptance      ,2021-07-20 16:20:00, MosaicDreamer     , Instagram ,[],18.0,36.0, Australia     ,2021,7,20,16, embracing imperfections finding acceptance in the mosaic of lifes beautiful chaos ,positive,[],2021-07-20,16,1,29,2021
234,238," Determination as the driving force, propelling me forward on the path to extraordinary achievements. ", Determination   ,2019-12-03 13:45:00, PathfinderSpirit  , Facebook ,[],20.0,40.0, USA          ,2019,12,3,13, determination as the driving force propelling me forward on the path to extraordinary achievements ,positive,[],2019-12-03,13,1,49,2019
235,239," Seeking serenity in the melody of raindrops, a tranquil escape from the noise of everyday life. ", Serenity        ,2020-04-12 19:30:00, RaindropHarmony   , Twitter  ,[],25.0,50.0, Canada        ,2020,4,12,19, seeking serenity in the melody of raindrops a tranquil escape from the noise of everyday life ,positive,[],2020-04-12,19,1,15,2020
236,240," Curiosity driving the exploration of the unknown, a seeker of knowledge in uncharted territories. ", Curiosity       ,2022-05-08 08:45:00, SeekerOfUnknowns  , Instagram ,[],22.0,45.0, UK            ,2022,5,8,8, curiosity driving the exploration of the unknown a seeker of knowledge in uncharted territories ,positive,[],2022-05-08,8,1,18,2022
237,241," Drifting through the day with an air of nonchalance, indifferent to the trivialities of life. ", Indifference    ,2023-02-22 17:00:00, NonchalantWanderer, Facebook ,[],9.0,18.0, India         ,2023,2,22,17, drifting through the day with an air of nonchalance indifferent to the trivialities of life ,negative,[],2023-02-22,17,-1,8,2023
238,242," Lost in the labyrinth of thoughts, confusion casting shadows on the quest for clarity. ", Confusion       ,2020-06-05 12:15:00, ShadowedSeeker    , Twitter  ,[],14.0,28.0, Australia    ,2020,6,5,12, lost in the labyrinth of thoughts confusion casting shadows on the quest for clarity ,negative,[],2020-06-05,12,-1,23,2020
239,243," Wrapped in the cloak of emotional numbness, a shield against the storms of life's turbulence. ", Numbness        ,2021-11-30 15:30:00, TurbulentShield   , Instagram ,[],10.0,20.0, Canada        ,2021,11,30,15, wrapped in the cloak of emotional numbness a shield against the storms of lifes turbulence ,negative,[],2021-11-30,15,-1,48,2021
240,244," Melancholy as a companion, painting the canvas of life with the brushstrokes of wistful yearning. ", Melancholy      ,2019-02-25 21:00:00, WistfulPainter    , Facebook ,[],13.0,26.0, UK            ,2019,2,25,21, melancholy as a companion painting the canvas of life with the brushstrokes of wistful yearning ,negative,[],2019-02-25,21,-1,9,2019
241,245," Leafing through the pages of an old photo album, nostalgia weaving tales of laughter and tears. ", Nostalgia       ,2017-05-18 14:45:00, TaleWeaver        , Twitter  ,[],12.0,25.0, USA          ,2017,5,18,14, leafing through the pages of an old photo album nostalgia weaving tales of laughter and tears ,positive,[],2017-05-18,14,1,20,2017
242,246," Ambivalence in the air, caught between the crossroads of conflicting emotions and decisions. ", Ambivalence     ,2022-08-05 11:30:00, CrossroadsExplorer, Instagram ,[],15.0,30.0, Canada        ,2022,8,5,11, ambivalence in the air caught between the crossroads of conflicting emotions and decisions ,negative,[],2022-08-05,11,-1,31,2022
243,247," Embracing the beauty in imperfections, finding acceptance in the mosaic of life's unpredictable art. ", Acceptance      ,2023-06-15 16:20:00, MosaicArtist      , Facebook ,[],18.0,36.0, Australia    ,2023,6,15,16, embracing the beauty in imperfections finding acceptance in the mosaic of lifes unpredictable art ,positive,[],2023-06-15,16,1,24,2023
244,248," Determination ablaze, forging a path through challenges, sculpting dreams into tangible realities. ", Determination   ,2021-10-10 14:45:00, DreamSculptor     , Twitter  ,[],20.0,40.0, UK            ,2021,10,10,14, determination ablaze forging a path through challenges sculpting dreams into tangible realities ,positive,[],2021-10-10,14,1,40,2021
245,249," Immerse in the serenity of a moonlit night, where the quiet whispers of nature bring peace to the soul. ", Serenity        ,2020-05-12 19:30:00, MoonlitSoul       , Instagram ,[],25.0,50.0, USA          ,2020,5,12,19, immerse in the serenity of a moonlit night where the quiet whispers of nature bring peace to the soul ,positive,[],2020-05-12,19,1,20,2020
246,250," Fueled by curiosity, venturing into uncharted realms, a fearless explorer of the mysteries of the world. ", Curiosity       ,2022-12-01 09:15:00, FearlessExplorer  , Facebook ,[],22.0,44.0, India         ,2022,12,1,9, fueled by curiosity venturing into uncharted realms a fearless explorer of the mysteries of the world ,positive,[],2022-12-01,9,1,48,2022
247,251,"Wrapped in the cloak of emotional numbness, a shield against the storms of life's turbulence. ", Numbness ,2021-11-30 15:30:00, TurbulentShield , Instagram ,[],10.0,20.0, Canada ,2021,11,30,15,wrapped in the cloak of emotional numbness a shield against the storms of lifes turbulence ,negative,[],2021-11-30,15,-1,48,2021
248,252," Dancing through life with the exuberance of a carefree spirit, embracing joy and zest at every turn. ", Zest ,2018-07-12 17:45:00, JoyfulDancer , Twitter ,[],15.0,30.0, USA ,2018,7,12,17, dancing through life with the exuberance of a carefree spirit embracing joy and zest at every turn ,positive,[],2018-07-12,17,1,28,2018
249,253," Basking in the golden glow of contentment, a serene river flowing through the landscape of the heart. ", Contentment ,2020-09-05 20:10:00, SereneBasker , Facebook ,[],18.0,36.0, Australia ,2020,9,5,20, basking in the golden glow of contentment a serene river flowing through the landscape of the heart ,positive,[],2020-09-05,20,1,36,2020
250,254," Gazing towards the horizon with hopeful eyes, painting a canvas of dreams illuminated by the sun of optimism. ", Hopeful ,2022-04-18 08:00:00, DreamPainter , Instagram ,[],12.0,24.0, India ,2022,4,18,8, gazing towards the horizon with hopeful eyes painting a canvas of dreams illuminated by the sun of optimism ,positive,[],2022-04-18,8,1,16,2022
251,255," Standing tall, proud as an oak, the branches of achievement reaching towards the sky of accomplishment. ", Proud ,2019-12-10 12:20:00, OakAchiever , Twitter ,[],25.0,50.0, Canada ,2019,12,10,12, standing tall proud as an oak the branches of achievement reaching towards the sky of accomplishment ,positive,[],2019-12-10,12,1,50,2019
252,256," A heart overflowing with gratitude, a garden where appreciation blooms in the soil of kindness and connection. ", Grateful ,2023-02-28 09:45:00, HeartGardener , Facebook ,[],20.0,40.0, USA ,2023,2,28,9, a heart overflowing with gratitude a garden where appreciation blooms in the soil of kindness and connection ,positive,[],2023-02-28,9,1,9,2023
253,257," Extending a hand, empathetic threads weaving a tapestry of understanding, embracing the joys and sorrows of others. ", Empathetic ,2018-04-03 14:15:00, ThreadWeaver , Instagram ,[],15.0,30.0, UK ,2018,4,3,14, extending a hand empathetic threads weaving a tapestry of understanding embracing the joys and sorrows of others ,positive,[],2018-04-03,14,1,14,2018
254,258," Compassionate clouds, heavy with care, showering empathy on the parched grounds of human suffering. ", Compassionate ,2022-06-20 10:30:00, CloudCaretaker , Twitter ,[],18.0,36.0, Australia ,2022,6,20,10, compassionate clouds heavy with care showering empathy on the parched grounds of human suffering ,positive,[],2022-06-20,10,1,25,2022
255,259," Playfully dancing in the rain of laughter, a whimsical spirit twirling in the puddles of joy and lightheartedness. ", Playful ,2020-07-08 18:00:00, RainDancer , Facebook ,[],22.0,44.0, Canada ,2020,7,8,18, playfully dancing in the rain of laughter a whimsical spirit twirling in the puddles of joy and lightheartedness ,positive,[],2020-07-08,18,1,28,2020
256,260," Soaring on the wings of a free spirit, unburdened by the chains of conformity, painting the sky with independence. ", Free-spirited ,2021-08-15 11:10:00, SkyPainter , Instagram ,[],20.0,40.0, India ,2021,8,15,11, soaring on the wings of a free spirit unburdened by the chains of conformity painting the sky with independence ,positive,[],2021-08-15,11,1,32,2021
257,261," Bathed in the glow of inspiration, a creative phoenix rising from the ashes of ordinary thoughts to explore new realms. ", Inspired ,2019-10-25 16:50:00, PhoenixExplorer , Twitter ,[],15.0,30.0, UK ,2019,10,25,16, bathed in the glow of inspiration a creative phoenix rising from the ashes of ordinary thoughts to explore new realms ,positive,[],2019-10-25,16,1,43,2019
258,262," Navigating the sea of hope, sailing towards the sunrise of possibilities, confident in the ship of positive anticipation. ", Hopeful ,2023-10-05 07:30:00, SunriseNavigator , Facebook ,[],12.0,24.0, USA ,2023,10,5,7, navigating the sea of hope sailing towards the sunrise of possibilities confident in the ship of positive anticipation ,positive,[],2023-10-05,7,1,40,2023
259,263," Striding with confidence, footprints of self-assuredness imprinted on the sands of challenges conquered and victories claimed. ", Confident ,2022-02-15 13:15:00, SandStrider , Instagram ,[],25.0,50.0, Australia ,2022,2,15,13, striding with confidence footprints of selfassuredness imprinted on the sands of challenges conquered and victories claimed ,positive,[],2022-02-15,13,1,7,2022
260,264," Lost in the symphony of the night, a moonlit serenade that whispers tales of wanderlust and moonlit dreams. ", Serenity ,2021-05-08 22:00:00, NightSerenader , Twitter ,[],13.0,26.0, Canada ,2021,5,8,22, lost in the symphony of the night a moonlit serenade that whispers tales of wanderlust and moonlit dreams ,positive,[],2021-05-08,22,1,18,2021
261,265," Unveiling the layers of curiosity, a labyrinth of questions leading to the treasure troves of undiscovered knowledge. ", Curiosity ,2020-11-29 14:45:00, KnowledgeSeeker , Instagram ,[],17.0,34.0, USA ,2020,11,29,14, unveiling the layers of curiosity a labyrinth of questions leading to the treasure troves of undiscovered knowledge ,positive,[],2020-11-29,14,1,48,2020
262,266," In the embrace of the autumn breeze, leaves of ambivalence dancing in a waltz between choices and uncertainties. ", Ambivalence ,2019-09-14 10:20:00, BreezeWaltzer , Facebook ,[],14.0,28.0, UK ,2019,9,14,10, in the embrace of the autumn breeze leaves of ambivalence dancing in a waltz between choices and uncertainties ,neutral,[],2019-09-14,10,0,37,2019
263,267," Gratitude as a guiding star, navigating the constellation of blessings in the vast universe of life's precious moments. ", Grateful ,2022-03-12 19:55:00, StarNavigator , Twitter ,[],19.0,38.0, Australia ,2022,3,12,19, gratitude as a guiding star navigating the constellation of blessings in the vast universe of lifes precious moments ,positive,[],2022-03-12,19,1,10,2022
264,268," With a zestful heart, sprinting through fields of enthusiasm, chasing sunbeams and laughter in the meadows of joy. ", Zest ,2023-03-30 16:30:00, MeadowSprinter , Instagram ,[],16.0,32.0, India ,2023,3,30,16, with a zestful heart sprinting through fields of enthusiasm chasing sunbeams and laughter in the meadows of joy ,positive,[],2023-03-30,16,1,13,2023
265,269," A compassionate rain, tears of empathy falling gently, nurturing the seeds of kindness in the garden of human connections. ", Compassionate ,2021-07-01 12:10:00, RainNurturer , Facebook ,[],21.0,42.0, Canada ,2021,7,1,12, a compassionate rain tears of empathy falling gently nurturing the seeds of kindness in the garden of human connections ,positive,[],2021-07-01,12,1,26,2021
266,270," Proudly scaling the peaks of achievement, a mountaineer conquering challenges and planting the flag of success. ", Proud ,2020-01-05 08:45:00, PeakConqueror , Twitter ,[],23.0,46.0, USA ,2020,1,5,8, proudly scaling the peaks of achievement a mountaineer conquering challenges and planting the flag of success ,positive,[],2020-01-05,8,1,1,2020
267,271," Embraced by the hopeful dawn, a gardener sowing seeds of optimism, tending to the blooms of a brighter tomorrow. ", Hopeful ,2022-07-17 06:15:00, DawnGardener , Instagram ,[],14.0,28.0, UK ,2022,7,17,6, embraced by the hopeful dawn a gardener sowing seeds of optimism tending to the blooms of a brighter tomorrow ,positive,[],2022-07-17,6,1,28,2022
268,272," A playful escapade in the carnival of life, carousel laughter and cotton candy dreams swirling in the joyous atmosphere. ", Playful ,2018-08-22 17:20:00, CarnivalDreamer , Facebook ,[],24.0,48.0, Australia ,2018,8,22,17, a playful escapade in the carnival of life carousel laughter and cotton candy dreams swirling in the joyous atmosphere ,positive,[],2018-08-22,17,1,34,2018
269,273," Floating on clouds of inspiration, an artist painting the sky with strokes of creativity, creating a masterpiece of dreams. ", Inspired ,2021-12-08 14:30:00, SkyArtist , Twitter ,[],18.0,36.0, India ,2021,12,8,14, floating on clouds of inspiration an artist painting the sky with strokes of creativity creating a masterpiece of dreams ,positive,[],2021-12-08,14,1,49,2021
270,274," Navigating the river of contentment, a serene boat cruise through the tranquil waters of inner peace and acceptance. ", Contentment ,2019-04-27 09:50:00, RiverNavigator , Instagram ,[],20.0,40.0, Canada ,2019,4,27,9, navigating the river of contentment a serene boat cruise through the tranquil waters of inner peace and acceptance ,positive,[],2019-04-27,9,1,17,2019
271,275," With empathy as a lantern, wandering through the dark alleys of sorrow, illuminating the path with compassion and care. ", Empathetic ,2023-09-03 21:40:00, LanternWanderer , Facebook ,[],16.0,32.0, USA ,2023,9,3,21, with empathy as a lantern wandering through the dark alleys of sorrow illuminating the path with compassion and care ,positive,[],2023-09-03,21,1,35,2023
272,276," A free spirit soaring on the wings of dreams, leaving trails of independence in the azure sky of boundless possibilities. ", Free-spirited ,2020-06-10 10:05:00, DreamSoarer , Twitter ,[],22.0,44.0, UK ,2020,6,10,10, a free spirit soaring on the wings of dreams leaving trails of independence in the azure sky of boundless possibilities ,positive,[],2020-06-10,10,1,24,2020
273,277," Bathed in the golden hues of gratefulness, a sunset of appreciation casting its warm glow on the landscapes of the heart. ", Grateful ,2022-04-01 18:30:00, SunsetAdmirer , Instagram ,[],19.0,38.0, Australia ,2022,4,1,18, bathed in the golden hues of gratefulness a sunset of appreciation casting its warm glow on the landscapes of the heart ,positive,[],2022-04-01,18,1,13,2022
274,278," Confident strides in the dance of life, a ballroom where self-assuredness leads, twirling through challenges with grace. ", Confident ,2021-01-15 13:00:00, DanceStrider , Facebook ,[],23.0,46.0, Canada ,2021,1,15,13, confident strides in the dance of life a ballroom where selfassuredness leads twirling through challenges with grace ,positive,[],2021-01-15,13,1,2,2021
275,279," Hopeful whispers of wind, carrying the promises of a brighter tomorrow, a symphony of optimism in the air of possibilities. ", Hopeful ,2023-05-06 07:20:00, WindWhisperer , Twitter ,[],15.0,30.0, India ,2023,5,6,7, hopeful whispers of wind carrying the promises of a brighter tomorrow a symphony of optimism in the air of possibilities ,positive,[],2023-05-06,7,1,18,2023
276,280," Playfully juggling responsibilities, a circus performer balancing the acts of work and joy, tossing laughter into the air. ", Playful ,2019-11-18 15:15:00, JugglingArtist , Instagram ,[],25.0,50.0, USA ,2019,11,18,15, playfully juggling responsibilities a circus performer balancing the acts of work and joy tossing laughter into the air ,positive,[],2019-11-18,15,1,47,2019
277,281," Whispering tales of inspiration to the stars, a storyteller crafting constellations from the threads of imagination. ", Inspired ,2020-08-29 20:45:00, StarStoryteller , Facebook ,[],14.0,28.0, UK ,2020,8,29,20, whispering tales of inspiration to the stars a storyteller crafting constellations from the threads of imagination ,positive,[],2020-08-29,20,1,35,2020
278,282," Charting a course through the waves of hopeful anticipation, a sailor steering towards the shores of dreams yet unexplored. ", Hopeful ,2022-10-30 11:40:00, WaveNavigator , Twitter ,[],17.0,34.0, Australia ,2022,10,30,11, charting a course through the waves of hopeful anticipation a sailor steering towards the shores of dreams yet unexplored ,positive,[],2022-10-30,11,1,43,2022
279,283," A compassionate rain, tears of empathy falling gently, nurturing the seeds of kindness in the garden of human connections. ", Compassionate ,2021-07-01 12:10:00, RainNurturer , Instagram ,[],21.0,42.0, Canada ,2021,7,1,12, a compassionate rain tears of empathy falling gently nurturing the seeds of kindness in the garden of human connections ,positive,[],2021-07-01,12,1,26,2021
280,284," Proudly scaling the peaks of achievement, a mountaineer conquering challenges and planting the flag of success. ", Proud ,2020-01-05 08:45:00, PeakConqueror , Twitter ,[],23.0,46.0, USA ,2020,1,5,8, proudly scaling the peaks of achievement a mountaineer conquering challenges and planting the flag of success ,positive,[],2020-01-05,8,1,1,2020
281,285," Embraced by the hopeful dawn, a gardener sowing seeds of optimism, tending to the blooms of a brighter tomorrow. ", Hopeful ,2022-07-17 06:15:00, DawnGardener , Instagram ,[],14.0,28.0, UK ,2022,7,17,6, embraced by the hopeful dawn a gardener sowing seeds of optimism tending to the blooms of a brighter tomorrow ,positive,[],2022-07-17,6,1,28,2022
282,286," A playful escapade in the carnival of life, carousel laughter and cotton candy dreams swirling in the joyous atmosphere. ", Playful ,2018-08-22 17:20:00, CarnivalDreamer , Facebook ,[],24.0,48.0, Australia ,2018,8,22,17, a playful escapade in the carnival of life carousel laughter and cotton candy dreams swirling in the joyous atmosphere ,positive,[],2018-08-22,17,1,34,2018
283,287," Floating on clouds of inspiration, an artist painting the sky with strokes of creativity, creating a masterpiece of dreams. ", Inspired ,2021-12-08 14:30:00, SkyArtist , Twitter ,[],18.0,36.0, India ,2021,12,8,14, floating on clouds of inspiration an artist painting the sky with strokes of creativity creating a masterpiece of dreams ,positive,[],2021-12-08,14,1,49,2021
284,288," Navigating the river of contentment, a serene boat cruise through the tranquil waters of inner peace and acceptance. ", Contentment ,2019-04-27 09:50:00, RiverNavigator , Instagram ,[],20.0,40.0, Canada ,2019,4,27,9, navigating the river of contentment a serene boat cruise through the tranquil waters of inner peace and acceptance ,positive,[],2019-04-27,9,1,17,2019
285,289," With empathy as a lantern, wandering through the dark alleys of sorrow, illuminating the path with compassion and care. ", Empathetic ,2023-09-03 21:40:00, LanternWanderer , Facebook ,[],16.0,32.0, USA ,2023,9,3,21, with empathy as a lantern wandering through the dark alleys of sorrow illuminating the path with compassion and care ,positive,[],2023-09-03,21,1,35,2023
286,290," A free spirit soaring on the wings of dreams, leaving trails of independence in the azure sky of boundless possibilities. ", Free-spirited ,2020-06-10 10:05:00, DreamSoarer , Twitter ,[],22.0,44.0, UK ,2020,6,10,10, a free spirit soaring on the wings of dreams leaving trails of independence in the azure sky of boundless possibilities ,positive,[],2020-06-10,10,1,24,2020
287,291," Bathed in the golden hues of gratefulness, a sunset of appreciation casting its warm glow on the landscapes of the heart. ", Grateful ,2022-04-01 18:30:00, SunsetAdmirer , Instagram ,[],19.0,38.0, Australia ,2022,4,1,18, bathed in the golden hues of gratefulness a sunset of appreciation casting its warm glow on the landscapes of the heart ,positive,[],2022-04-01,18,1,13,2022
288,292," Confident strides in the dance of life, a ballroom where self-assuredness leads, twirling through challenges with grace. ", Confident ,2021-01-15 13:00:00, DanceStrider , Facebook ,[],23.0,46.0, Canada ,2021,1,15,13, confident strides in the dance of life a ballroom where selfassuredness leads twirling through challenges with grace ,positive,[],2021-01-15,13,1,2,2021
289,293," Hopeful whispers of wind, carrying the promises of a brighter tomorrow, a symphony of optimism in the air of possibilities. ", Hopeful ,2023-05-06 07:20:00, WindWhisperer , Twitter ,[],15.0,30.0, India ,2023,5,6,7, hopeful whispers of wind carrying the promises of a brighter tomorrow a symphony of optimism in the air of possibilities ,positive,[],2023-05-06,7,1,18,2023
290,294," Playfully juggling responsibilities, a circus performer balancing the acts of work and joy, tossing laughter into the air. ", Playful ,2019-11-18 15:15:00, JugglingArtist , Instagram ,[],25.0,50.0, USA ,2019,11,18,15, playfully juggling responsibilities a circus performer balancing the acts of work and joy tossing laughter into the air ,positive,[],2019-11-18,15,1,47,2019
291,295," Whispering tales of inspiration to the stars, a storyteller crafting constellations from the threads of imagination. ", Inspired ,2020-08-29 20:45:00, StarStoryteller , Facebook ,[],14.0,28.0, UK ,2020,8,29,20, whispering tales of inspiration to the stars a storyteller crafting constellations from the threads of imagination ,positive,[],2020-08-29,20,1,35,2020
292,296," Charting a course through the waves of hopeful anticipation, a sailor steering towards the shores of dreams yet unexplored. ", Hopeful ,2022-10-30 11:40:00, WaveNavigator , Twitter ,[],17.0,34.0, Australia ,2022,10,30,11, charting a course through the waves of hopeful anticipation a sailor steering towards the shores of dreams yet unexplored ,positive,[],2022-10-30,11,1,43,2022
293,297," A compassionate rain, tears of empathy falling gently, nurturing the seeds of kindness in the garden of human connections. ", Compassionate ,2021-07-01 12:10:00, RainNurturer , Instagram ,[],21.0,42.0, Canada ,2021,7,1,12, a compassionate rain tears of empathy falling gently nurturing the seeds of kindness in the garden of human connections ,positive,[],2021-07-01,12,1,26,2021
294,298," Proudly scaling the peaks of achievement, a mountaineer conquering challenges and planting the flag of success. ", Proud ,2020-01-05 08:45:00, PeakConqueror , Twitter ,[],23.0,46.0, USA ,2020,1,5,8, proudly scaling the peaks of achievement a mountaineer conquering challenges and planting the flag of success ,positive,[],2020-01-05,8,1,1,2020
295,299," Embraced by the hopeful dawn, a gardener sowing seeds of optimism, tending to the blooms of a brighter tomorrow. ", Hopeful ,2022-07-17 06:15:00, DawnGardener , Instagram ,[],14.0,28.0, India ,2022,7,17,6, embraced by the hopeful dawn a gardener sowing seeds of optimism tending to the blooms of a brighter tomorrow ,positive,[],2022-07-17,6,1,28,2022
296,300," A playful escapade in the carnival of life, carousel laughter and cotton candy dreams swirling in the joyous atmosphere. ", Playful ,2018-08-22 17:20:00, CarnivalDreamer , Facebook ,[],24.0,48.0, Australia ,2018,8,22,17, a playful escapade in the carnival of life carousel laughter and cotton candy dreams swirling in the joyous atmosphere ,positive,[],2018-08-22,17,1,34,2018
297,301," Drowning in the abyss of despair, a heart shattered into fragments, lost in the echoing silence of hopelessness. ", Despair ,2021-09-15 16:00:00, ShatteredHeart , Instagram ,[],8.0,16.0, Canada ,2021,9,15,16, drowning in the abyss of despair a heart shattered into fragments lost in the echoing silence of hopelessness ,negative,[],2021-09-15,16,-1,37,2021
298,302," Bitterness festering like a venomous vine, entwining the soul in a web of resentment, poisoning the garden of peace. ", Bitterness ,2019-03-08 14:20:00, VenomousSoul , Facebook ,[],12.0,24.0, UK ,2019,3,8,14, bitterness festering like a venomous vine entwining the soul in a web of resentment poisoning the garden of peace ,negative,[],2019-03-08,14,-1,10,2019
299,303," Wandering through the desert of loneliness, each step a heavy sigh, mirages of connection shimmering but never materializing. ", Loneliness ,2017-07-20 11:45:00, DesertWanderer , Twitter ,[],15.0,30.0, USA ,2017,7,20,11, wandering through the desert of loneliness each step a heavy sigh mirages of connection shimmering but never materializing ,negative,[],2017-07-20,11,-1,29,2017
300,304," Yearning for a touch that's not there, echoes of a distant warmth haunting the heart in the cold embrace of solitude. ", Yearning ,2020-11-02 19:30:00, ColdEmbrace , Instagram ,[],10.0,20.0, Australia ,2020,11,2,19, yearning for a touch thats not there echoes of a distant warmth haunting the heart in the cold embrace of solitude ,positive,[],2020-11-02,19,1,45,2020
301,305," Eyes wide open in the night, fearful shadows dancing on the walls, the mind a prisoner of imagined horrors. ", Fearful ,2022-05-12 02:00:00, NightPrisoner , Facebook ,[],18.0,36.0, India ,2022,5,12,2, eyes wide open in the night fearful shadows dancing on the walls the mind a prisoner of imagined horrors ,negative,[],2022-05-12,2,-1,19,2022
302,306," Apprehensive steps on the tightrope of uncertainty, a balancing act where the fall seems inevitable, anxiety a constant companion. ", Apprehensive ,2023-04-08 13:15:00, TightropeWalker , Twitter ,[],14.0,28.0, UK ,2023,4,8,13, apprehensive steps on the tightrope of uncertainty a balancing act where the fall seems inevitable anxiety a constant companion ,negative,[],2023-04-08,13,-1,14,2023
303,307," Overwhelmed by the weight of the world, Atlas with trembling shoulders, each responsibility a boulder in the landscape of exhaustion. ", Overwhelmed ,2021-06-25 17:50:00, AtlasBearer , Instagram ,[],22.0,44.0, Canada ,2021,6,25,17, overwhelmed by the weight of the world atlas with trembling shoulders each responsibility a boulder in the landscape of exhaustion ,negative,[],2021-06-25,17,-1,25,2021
304,308," Jealousy, a green-eyed monster, lurking in the shadows, casting a dark cloud over the sunshine of others' success. ", Jealous ,2019-08-30 10:10:00, GreenMonster , Facebook ,[],16.0,32.0, USA ,2019,8,30,10, jealousy a greeneyed monster lurking in the shadows casting a dark cloud over the sunshine of others success ,positive,[],2019-08-30,10,1,35,2019
305,309," Devastated by the storm of betrayal, the wreckage of trust scattered like debris, a heart torn by the winds of broken promises. ", Devastated ,2022-08-03 15:30:00, StormSurvivor , Twitter ,[],25.0,50.0, Australia ,2022,8,3,15, devastated by the storm of betrayal the wreckage of trust scattered like debris a heart torn by the winds of broken promises ,negative,[],2022-08-03,15,-1,31,2022
306,310," Frustrated fingers tapping on the keyboard, a symphony of annoyance composing an unsolvable puzzle of unmet expectations. ", Frustrated ,2020-12-17 09:20:00, PuzzleComposer , Instagram ,[],12.0,24.0, India ,2020,12,17,9, frustrated fingers tapping on the keyboard a symphony of annoyance composing an unsolvable puzzle of unmet expectations ,negative,[],2020-12-17,9,-1,51,2020
307,311," Envious eyes fixated on the gilded prize, a heartache fueled by the painful desire for possessions that seem forever out of reach. ", Envious ,2021-02-28 22:45:00, GildedHeartache , Facebook ,[],20.0,40.0, USA ,2021,2,28,22, envious eyes fixated on the gilded prize a heartache fueled by the painful desire for possessions that seem forever out of reach ,positive,[],2021-02-28,22,1,8,2021
308,312," Dismissive glances, a fortress built with indifference, walls impenetrable to the pleas of understanding and recognition. ", Dismissive ,2018-05-10 14:00:00, IndifferentFort , Twitter ,[],14.0,28.0, UK ,2018,5,10,14, dismissive glances a fortress built with indifference walls impenetrable to the pleas of understanding and recognition ,negative,[],2018-05-10,14,-1,19,2018
309,313," Shattered dreams lie on the floor like fragments of glass, a mosaic of disappointment crafted by the hands of frustration. ", Frustrated ,2022-01-07 11:10:00, DreamMosaic , Instagram ,[],15.0,30.0, Canada ,2022,1,7,11, shattered dreams lie on the floor like fragments of glass a mosaic of disappointment crafted by the hands of frustration ,negative,[],2022-01-07,11,-1,1,2022
310,314," Loneliness, a silent companion in the night, the only echo in the chamber of solitude, a heart's solitary nocturne. ", Loneliness ,2019-09-19 03:30:00, NocturnalEcho , Facebook ,[],18.0,36.0, Australia ,2019,9,19,3, loneliness a silent companion in the night the only echo in the chamber of solitude a hearts solitary nocturne ,positive,[],2019-09-19,3,1,38,2019
311,315," Fearful whispers in the dark, the mind haunted by the specter of the unknown, shadows dancing to the rhythm of anxiety's tune. ", Fearful ,2023-07-14 23:00:00, DarkWhispers , Twitter ,[],13.0,26.0, UK ,2023,7,14,23, fearful whispers in the dark the mind haunted by the specter of the unknown shadows dancing to the rhythm of anxietys tune ,negative,[],2023-07-14,23,-1,28,2023
312,316," Bitterness, a bitter aftertaste lingering on the tongue, each word a reminder of wounds that refuse to heal with the passing of time. ", Bitterness ,2020-04-05 16:20:00, LingeringTaste , Instagram ,[],10.0,20.0, India ,2020,4,5,16, bitterness a bitter aftertaste lingering on the tongue each word a reminder of wounds that refuse to heal with the passing of time ,negative,[],2020-04-05,16,-1,14,2020
313,317," Overwhelmed by the cacophony of expectations, a drowning soul in the tempest of pressure, struggling to stay afloat. ", Overwhelmed ,2021-11-29 08:45:00, TempestSurvivor , Facebook ,[],20.0,40.0, USA ,2021,11,29,8, overwhelmed by the cacophony of expectations a drowning soul in the tempest of pressure struggling to stay afloat ,negative,[],2021-11-29,8,-1,48,2021
314,318," Jealousy, a venom that seeps through the veins, poisoning the heart and turning it into a breeding ground for discontent. ", Jealous ,2019-12-12 17:00:00, VenomousHeart , Twitter ,[],16.0,32.0, Australia ,2019,12,12,17, jealousy a venom that seeps through the veins poisoning the heart and turning it into a breeding ground for discontent ,negative,[],2019-12-12,17,-1,50,2019
315,319," Devastated by the revelation of betrayal, the trust shattered like fragile glass, leaving shards of pain in its wake. ", Devastated ,2022-05-20 14:50:00, FragileTrust , Instagram ,[],25.0,50.0, Canada ,2022,5,20,14, devastated by the revelation of betrayal the trust shattered like fragile glass leaving shards of pain in its wake ,negative,[],2022-05-20,14,-1,20,2022
316,320," Frustrated attempts to mend a broken connection, the threads of understanding slipping through the fingers like grains of sand. ", Frustrated ,2020-09-03 12:15:00, BrokenThreads , Facebook ,[],14.0,28.0, UK ,2020,9,3,12, frustrated attempts to mend a broken connection the threads of understanding slipping through the fingers like grains of sand ,negative,[],2020-09-03,12,-1,36,2020
317,321," Envious gazes cast upon the podium of success, a bitter pill swallowed, the taste lingering as a constant reminder of unattained heights. ", Envious ,2021-02-10 19:30:00, SuccessPill , Twitter ,[],20.0,40.0, USA ,2021,2,10,19, envious gazes cast upon the podium of success a bitter pill swallowed the taste lingering as a constant reminder of unattained heights ,negative,[],2021-02-10,19,-1,6,2021
318,322," Dismissive gestures, a curtain drawn to shield the vulnerability, a stage where emotions take a backseat to the performance of indifference. ", Dismissive ,2018-08-18 14:40:00, CurtainShield , Instagram ,[],12.0,24.0, Australia ,2018,8,18,14, dismissive gestures a curtain drawn to shield the vulnerability a stage where emotions take a backseat to the performance of indifference ,negative,[],2018-08-18,14,-1,33,2018
319,323," Despair like a heavy fog, enveloping every thought, blurring the path ahead, a journey in the labyrinth of utter hopelessness. ", Despair ,2022-02-28 21:00:00, FoggyLabyrinth , Facebook ,[],8.0,16.0, Canada ,2022,2,28,21, despair like a heavy fog enveloping every thought blurring the path ahead a journey in the labyrinth of utter hopelessness ,negative,[],2022-02-28,21,-1,9,2022
320,324," Bitterness, a bitter chill in the air, freezing moments into icicles of resentment that dangle precariously over the landscape of memory. ", Bitterness ,2019-10-15 10:30:00, IcyResentment , Twitter ,[],15.0,30.0, UK ,2019,10,15,10, bitterness a bitter chill in the air freezing moments into icicles of resentment that dangle precariously over the landscape of memory ,negative,[],2019-10-15,10,-1,42,2019
321,325," Loneliness, a solitary moon in a starless sky, casting a cold glow on the landscape of isolation, where echoes bounce in empty spaces. ", Loneliness ,2017-12-01 18:50:00, SolitaryMoon , Instagram ,[],18.0,36.0, USA ,2017,12,1,18, loneliness a solitary moon in a starless sky casting a cold glow on the landscape of isolation where echoes bounce in empty spaces ,negative,[],2017-12-01,18,-1,48,2017
322,326," Yearning for the warmth of a vanished sun, a heartache painted in the hues of a sunset that never graced the horizon. ", Yearning ,2020-04-18 16:15:00, VanishedSunset , Facebook ,[],10.0,20.0, Australia ,2020,4,18,16, yearning for the warmth of a vanished sun a heartache painted in the hues of a sunset that never graced the horizon ,positive,[],2020-04-18,16,1,16,2020
323,327," Fearful eyes scanning the shadows, a prisoner of the night, terrorized by the lurking monsters born from the mind's darkest corners. ", Fearful ,2023-01-07 03:30:00, NightPrisoner , Twitter ,[],18.0,36.0, India ,2023,1,7,3, fearful eyes scanning the shadows a prisoner of the night terrorized by the lurking monsters born from the minds darkest corners ,negative,[],2023-01-07,3,-1,1,2023
324,328," Apprehensive whispers in the wind, a forecast of uncertainty, the mind's weather vane spinning wildly in the storm of doubt. ", Apprehensive ,2021-06-10 10:00:00, WindWhisperer , Instagram ,[],14.0,28.0, Canada ,2021,6,10,10, apprehensive whispers in the wind a forecast of uncertainty the minds weather vane spinning wildly in the storm of doubt ,negative,[],2021-06-10,10,-1,23,2021
325,329," Overwhelmed by the maze of expectations, a minotaur of pressure lurking in the labyrinth, waiting to devour the spirit of resilience. ", Overwhelmed ,2020-02-22 15:20:00, MazeExplorer , Facebook ,[],22.0,44.0, USA ,2020,2,22,15, overwhelmed by the maze of expectations a minotaur of pressure lurking in the labyrinth waiting to devour the spirit of resilience ,negative,[],2020-02-22,15,-1,8,2020
326,330," Jealousy, a festering wound, the pain intensifying with each glance at the garden of others' achievements, blooming beyond the fence. ", Jealous ,2018-03-17 14:45:00, WoundedGarden , Twitter ,[],16.0,32.0, UK ,2018,3,17,14, jealousy a festering wound the pain intensifying with each glance at the garden of others achievements blooming beyond the fence ,negative,[],2018-03-17,14,-1,11,2018
327,331," Devastated, a heart in ruins, the echoes of shattered dreams reverberating in the chambers, a requiem for what once was whole. ", Devastated ,2022-10-28 11:15:00, RuinedHeart , Instagram ,[],25.0,50.0, Australia ,2022,10,28,11, devastated a heart in ruins the echoes of shattered dreams reverberating in the chambers a requiem for what once was whole ,negative,[],2022-10-28,11,-1,43,2022
328,332," Frustrated attempts to untangle the knot of confusion, the threads of understanding slipping further into the labyrinth of miscommunication. ", Frustrated ,2020-11-01 12:30:00, KnotUntangler , Facebook ,[],14.0,28.0, India ,2020,11,1,12, frustrated attempts to untangle the knot of confusion the threads of understanding slipping further into the labyrinth of miscommunication ,negative,[],2020-11-01,12,-1,44,2020
329,333," Envious eyes locked on the treasure chest of opportunities, a heartache fueled by the desire for keys that seem forever elusive. ", Envious ,2021-01-15 22:10:00, ElusiveKeys , Twitter ,[],20.0,40.0, USA ,2021,1,15,22, envious eyes locked on the treasure chest of opportunities a heartache fueled by the desire for keys that seem forever elusive ,positive,[],2021-01-15,22,1,2,2021
330,334," Dismissive gestures, a curtain drawn to shield the vulnerability, a stage where emotions take a backseat to the performance of indifference. ", Dismissive ,2018-08-18 14:00:00, IndifferentFort , Instagram ,[],12.0,24.0, Australia ,2018,8,18,14, dismissive gestures a curtain drawn to shield the vulnerability a stage where emotions take a backseat to the performance of indifference ,negative,[],2018-08-18,14,-1,33,2018
331,335," Shattered dreams lie on the floor like fragments of glass, a mosaic of disappointment crafted by the hands of frustration. ", Frustrated ,2022-01-07 11:10:00, DreamMosaic , Twitter ,[],15.0,30.0, Canada ,2022,1,7,11, shattered dreams lie on the floor like fragments of glass a mosaic of disappointment crafted by the hands of frustration ,negative,[],2022-01-07,11,-1,1,2022
332,336," Loneliness, a silent companion in the night, the only echo in the chamber of solitude, a heart's solitary nocturne. ", Loneliness ,2019-09-19 03:30:00, NocturnalEcho , Facebook ,[],18.0,36.0, Australia ,2019,9,19,3, loneliness a silent companion in the night the only echo in the chamber of solitude a hearts solitary nocturne ,positive,[],2019-09-19,3,1,38,2019
333,337,Awe-struck by the breathtaking sunrise over the mountains.      , Awe           ,2022-04-03 06:15:00, NatureAdmirer  , Instagram ,[],28.0,55.0, USA               ,2022,4,3,6,awestruck by the breathtaking sunrise over the mountains      ,positive,[],2022-04-03,6,1,13,2022
334,338,Navigating through the challenges with determination.          , Determination ,2023-10-12 10:30:00, GoalPursuer    , Twitter  ,[],15.0,30.0, Canada            ,2023,10,12,10,navigating through the challenges with determination          ,positive,[],2023-10-12,10,1,41,2023
335,339,Nostalgia hits while flipping through an old photo album.     , Nostalgia      ,2019-06-28 19:00:00, MemoryLane     , Facebook ,[],22.0,45.0, UK                ,2019,6,28,19,nostalgia hits while flipping through an old photo album     ,neutral,[],2019-06-28,19,0,26,2019
336,340,Thrilled to witness the grandeur of a cultural festival.       , Thrill        ,2020-09-15 14:45:00, CultureEnthusiast , Instagram ,[],40.0,80.0, India              ,2020,9,15,14,thrilled to witness the grandeur of a cultural festival       ,positive,[],2020-09-15,14,1,38,2020
337,341,Calmness found in the rhythm of raindrops on the windowpane.   , Calmness      ,2017-11-08 21:20:00, RainWatcher    , Twitter  ,[],18.0,35.0, Australia          ,2017,11,8,21,calmness found in the rhythm of raindrops on the windowpane   ,positive,[],2017-11-08,21,1,45,2017
338,342,Overwhelmed by the support received during a personal challenge., Overwhelmed   ,2021-05-20 17:30:00, PersonalJourney , Facebook ,[],25.0,50.0, USA               ,2021,5,20,17,overwhelmed by the support received during a personal challenge,positive,[],2021-05-20,17,1,20,2021
339,343,Excitement builds as the countdown to a long-awaited vacation begins. , Excitement ,2023-01-10 12:00:00, VacationDreamer , Instagram ,[],30.0,60.0, France            ,2023,1,10,12,excitement builds as the countdown to a longawaited vacation begins ,positive,[],2023-01-10,12,1,2,2023
340,344,"Reflecting on life's journey, grateful for the lessons learned. ", Gratitude   ,2018-12-05 08:45:00, LifeLearner   , Twitter  ,[],35.0,70.0, Brazil            ,2018,12,5,8,reflecting on lifes journey grateful for the lessons learned ,positive,[],2018-12-05,8,1,49,2018
341,345,Bittersweet emotions arise while bidding farewell to a dear friend. , Bittersweet ,2020-03-15 18:30:00, FarewellSender , Instagram ,[],20.0,40.0, Japan             ,2020,3,15,18,bittersweet emotions arise while bidding farewell to a dear friend ,positive,[],2020-03-15,18,1,11,2020
342,346,Curiosity sparked by exploring a mysterious ancient ruin.      , Curiosity     ,2016-08-22 15:10:00, HistoryExplorer , Facebook ,[],18.0,35.0, Greece            ,2016,8,22,15,curiosity sparked by exploring a mysterious ancient ruin      ,negative,[],2016-08-22,15,-1,34,2016
343,347,Admiration for the intricate details of a handcrafted masterpiece. , Admiration    ,2019-08-20 16:00:00, CraftEnthusiast , Instagram ,[],25.0,50.0, USA               ,2019,8,20,16,admiration for the intricate details of a handcrafted masterpiece ,positive,[],2019-08-20,16,1,34,2019
344,348,Overjoyed by the warmth of a cozy fireplace on a winter evening.   , Overjoyed     ,2021-12-08 19:30:00, WinterLover     , Twitter  ,[],18.0,35.0, Canada            ,2021,12,8,19,overjoyed by the warmth of a cozy fireplace on a winter evening   ,positive,[],2021-12-08,19,1,49,2021
345,349,Inspiration strikes while observing the colors of a vibrant sunset., Inspiration   ,2020-06-10 20:45:00, SunsetWatcher   , Instagram ,[],30.0,60.0, UK                ,2020,6,10,20,inspiration strikes while observing the colors of a vibrant sunset,positive,[],2020-06-10,20,1,24,2020
346,350,Motivated to achieve fitness goals after an invigorating workout.  , Motivation    ,2022-02-28 07:15:00, FitnessJunkie   , Facebook ,[],40.0,80.0, Australia          ,2022,2,28,7,motivated to achieve fitness goals after an invigorating workout  ,positive,[],2022-02-28,7,1,9,2022
347,351,Gratitude for the simple joys found in a cup of morning coffee.    , Gratitude     ,2017-04-15 08:00:00, CoffeeLover     , Twitter  ,[],22.0,45.0, India             ,2017,4,15,8,gratitude for the simple joys found in a cup of morning coffee    ,positive,[],2017-04-15,8,1,15,2017
348,352,Feeling empowered after conquering a challenging hiking trail.     , Empowerment   ,2018-09-05 14:20:00, HikingExplorer  , Instagram ,[],35.0,70.0, USA               ,2018,9,5,14,feeling empowered after conquering a challenging hiking trail     ,positive,[],2018-09-05,14,1,36,2018
349,353,Amused by the antics of playful kittens during playtime.           , Amusement     ,2022-10-22 12:45:00, KittyObserver   , Facebook ,[],15.0,30.0, Canada            ,2022,10,22,12,amused by the antics of playful kittens during playtime           ,positive,[],2022-10-22,12,1,42,2022
350,354,Contemplating life's mysteries under the starry night sky.         , Contemplation ,2016-07-02 23:30:00, Stargazer       , Twitter  ,[],28.0,55.0, UK                ,2016,7,2,23,contemplating lifes mysteries under the starry night sky         ,neutral,[],2016-07-02,23,0,26,2016
351,355,Joyful reunion with long-lost friends after years of separation.   , JoyfulReunion ,2020-11-18 17:10:00, FriendshipRenewal , Instagram ,[],20.0,40.0, India             ,2020,11,18,17,joyful reunion with longlost friends after years of separation   ,positive,[],2020-11-18,17,1,47,2020
352,356,Excitement builds while preparing for a surprise celebration.     , Excitement    ,2023-03-05 15:00:00, CelebrationPlanner , Facebook ,[],30.0,60.0, Australia          ,2023,3,5,15,excitement builds while preparing for a surprise celebration     ,positive,[],2023-03-05,15,1,9,2023
353,357,Satisfaction derived from successfully completing a DIY project.  , Satisfaction  ,2015-12-01 11:30:00, DIYEnthusiast   , Twitter  ,[],25.0,50.0, USA               ,2015,12,1,11,satisfaction derived from successfully completing a diy project  ,positive,[],2015-12-01,11,1,49,2015
354,358,Feeling blessed for the supportive community in times of need.    , Blessed       ,2021-09-10 09:45:00, CommunityHelper , Instagram ,[],18.0,35.0, UK                ,2021,9,10,9,feeling blessed for the supportive community in times of need    ,positive,[],2021-09-10,9,1,36,2021
355,359,Captivated by the serenity of a tranquil garden in full bloom.     , Serenity      ,2018-05-12 14:20:00, GardenEnthusiast , Facebook ,[],22.0,45.0, Canada            ,2018,5,12,14,captivated by the serenity of a tranquil garden in full bloom     ,positive,[],2018-05-12,14,1,19,2018
356,360,Anticipation for an upcoming adventure in an exotic destination.   , Anticipation  ,2022-07-25 10:00:00, Wanderlust      , Twitter  ,[],40.0,80.0, India             ,2022,7,25,10,anticipation for an upcoming adventure in an exotic destination   ,positive,[],2022-07-25,10,1,30,2022
357,361,Reflecting on personal growth achieved through life experiences.  , Reflection    ,2019-03-08 18:30:00, GrowthSeeker    , Instagram ,[],35.0,70.0, USA               ,2019,3,8,18,reflecting on personal growth achieved through life experiences  ,positive,[],2019-03-08,18,1,10,2019
358,362,Nostalgic memories flood in while revisiting childhood favorites. , Nostalgia     ,2017-01-28 21:15:00, ChildhoodMemories , Facebook ,[],20.0,40.0, Australia          ,2017,1,28,21,nostalgic memories flood in while revisiting childhood favorites ,positive,[],2017-01-28,21,1,4,2017
359,363,Appreciation for the vibrant culture experienced during travel.   , Appreciation  ,2016-11-14 13:45:00, CultureExplorer , Twitter  ,[],28.0,55.0, UK                ,2016,11,14,13,appreciation for the vibrant culture experienced during travel   ,positive,[],2016-11-14,13,1,46,2016
360,364,Confidence soars after overcoming public speaking anxiety.       , Confidence    ,2020-04-02 17:30:00, PublicSpeaker   , Instagram ,[],15.0,30.0, USA               ,2020,4,2,17,confidence soars after overcoming public speaking anxiety       ,positive,[],2020-04-02,17,1,14,2020
361,365,Contentment in the midst of a family gathering filled with laughter. , Contentment   ,2023-01-15 19:00:00, FamilyCelebration , Facebook ,[],25.0,50.0, Canada            ,2023,1,15,19,contentment in the midst of a family gathering filled with laughter ,positive,[],2023-01-15,19,1,2,2023
362,366,Enthusiasm for learning new skills and expanding knowledge.      , Enthusiasm    ,2018-08-07 12:15:00, LifelongLearner , Twitter  ,[],30.0,60.0, India             ,2018,8,7,12,enthusiasm for learning new skills and expanding knowledge      ,positive,[],2018-08-07,12,1,32,2018
363,367,Surprise and delight at discovering a hidden gem in the city.    , Surprise      ,2019-10-18 16:45:00, CityExplorer    , Instagram ,[],18.0,35.0, UK                ,2019,10,18,16,surprise and delight at discovering a hidden gem in the city    ,positive,[],2019-10-18,16,1,42,2019
364,368,A sense of accomplishment after completing a challenging workout., Accomplishment ,2022-06-30 07:00:00, FitnessAchiever , Facebook ,[],22.0,45.0, Australia          ,2022,6,30,7,a sense of accomplishment after completing a challenging workout,positive,[],2022-06-30,7,1,26,2022
365,369,Wonderment at the beauty of a double rainbow after the rain.     , Wonderment    ,2017-06-12 18:20:00, RainbowChaser   , Twitter  ,[],35.0,70.0, USA               ,2017,6,12,18,wonderment at the beauty of a double rainbow after the rain     ,positive,[],2017-06-12,18,1,24,2017
366,370,Optimism for a bright future amidst challenging times.           , Optimism      ,2021-07-05 09:30:00, FutureOptimist  , Instagram ,[],20.0,40.0, Canada            ,2021,7,5,9,optimism for a bright future amidst challenging times           ,positive,[],2021-07-05,9,1,27,2021
367,371,Pride in achieving a personal milestone in career progression.   , Pride         ,2016-04-15 14:50:00, CareerAchiever  , Facebook ,[],28.0,55.0, UK                ,2016,4,15,14,pride in achieving a personal milestone in career progression   ,positive,[],2016-04-15,14,1,15,2016
368,372,Happiness blooms like flowers in a garden on a sunny day.        , Happiness     ,2020-02-10 11:15:00, SunnyDayEnthusiast , Twitter  ,[],15.0,30.0, India             ,2020,2,10,11,happiness blooms like flowers in a garden on a sunny day        ,positive,[],2020-02-10,11,1,7,2020
369,373,Elation over discovering a rare book in a quaint bookstore.      , Elation       ,2018-09-22 16:30:00, Bookworm        , Instagram ,[],40.0,80.0, USA               ,2018,9,22,16,elation over discovering a rare book in a quaint bookstore      ,positive,[],2018-09-22,16,1,38,2018
370,374,Curiosity piqued by the mysteries of an ancient archaeological site., Curiosity   ,2015-11-08 10:00:00, ArchaeologyEnthusiast , Facebook ,[],18.0,35.0, Australia          ,2015,11,8,10,curiosity piqued by the mysteries of an ancient archaeological site,neutral,[],2015-11-08,10,0,45,2015
371,375,Mesmerized by the cosmic dance of fireflies on a moonlit night.    , Enchantment   ,2022-08-10 22:00:00, NightSkyObserver , Instagram ,[],25.0,50.0, Brazil           ,2022,8,10,22,mesmerized by the cosmic dance of fireflies on a moonlit night    ,neutral,[],2022-08-10,22,0,32,2022
372,376,Intrigued by the symphony of colors in an abstract art exhibition. , Intrigue      ,2019-04-05 17:30:00, ArtConnoisseur  , Twitter  ,[],18.0,35.0, France           ,2019,4,5,17,intrigued by the symphony of colors in an abstract art exhibition ,neutral,[],2019-04-05,17,0,14,2019
373,377,Giggles and joy echo in the air during a children's playdate.      , PlayfulJoy    ,2020-12-15 15:45:00, PlayfulParent   , Facebook ,[],22.0,45.0, Japan            ,2020,12,15,15,giggles and joy echo in the air during a childrens playdate      ,positive,[],2020-12-15,15,1,51,2020
374,378,Enveloped in serenity while practicing mindfulness by the lake.    , Mindfulness   ,2017-10-20 08:15:00, ZenSeeker       , Instagram ,[],35.0,70.0, Canada           ,2017,10,20,8,enveloped in serenity while practicing mindfulness by the lake    ,neutral,[],2017-10-20,8,0,42,2017
375,379,Chasing dreams like a kite soaring high in the vast open sky.      , DreamChaser   ,2021-02-28 13:00:00, SkyDreamer      , Twitter  ,[],30.0,60.0, Australia         ,2021,2,28,13,chasing dreams like a kite soaring high in the vast open sky      ,positive,[],2021-02-28,13,1,8,2021
376,380,Spellbound by the elegance of a ballroom dance under crystal chandeliers. , Elegance ,2018-06-12 20:30:00, DanceEnthusiast , Facebook ,[],28.0,55.0, UK               ,2018,6,12,20,spellbound by the elegance of a ballroom dance under crystal chandeliers ,positive,[],2018-06-12,20,1,24,2018
377,381,Whimsical delight in a world of fairy tales and magical creatures.  , Whimsy        ,2016-03-08 14:20:00, FairyTaleExplorer , Instagram ,[],20.0,40.0, USA             ,2016,3,8,14,whimsical delight in a world of fairy tales and magical creatures  ,positive,[],2016-03-08,14,1,10,2016
378,382,Pensive contemplation amid the ancient ruins of a forgotten civilization. , Pensive ,2023-04-18 17:10:00, RuinsExplorer   , Twitter  ,[],18.0,35.0, Greece           ,2023,4,18,17,pensive contemplation amid the ancient ruins of a forgotten civilization ,negative,[],2023-04-18,17,-1,16,2023
379,383,Embracing the thrill of speed on a rollercoaster's exhilarating twists. , Thrill      ,2020-07-25 12:45:00, RollercoasterFan , Facebook ,[],22.0,45.0, Germany         ,2020,7,25,12,embracing the thrill of speed on a rollercoasters exhilarating twists ,positive,[],2020-07-25,12,1,30,2020
380,384,Harmony resonates as musicians play a melody of unity and togetherness. , Harmony    ,2019-11-30 19:30:00, MusicHarmonist  , Instagram ,[],35.0,70.0, Sweden          ,2019,11,30,19,harmony resonates as musicians play a melody of unity and togetherness ,positive,[],2019-11-30,19,1,48,2019
381,385,A burst of creativity in the quiet solitude of an artist's studio.  , Creativity   ,2015-09-01 16:00:00, StudioArtist    , Twitter  ,[],15.0,30.0, Italy           ,2015,9,1,16,a burst of creativity in the quiet solitude of an artists studio  ,positive,[],2015-09-01,16,1,36,2015
382,386,Radiant joy akin to blooming flowers on a sun-kissed spring morning. , Radiance    ,2022-05-05 10:15:00, SpringEnthusiast , Facebook ,[],25.0,50.0, Netherlands     ,2022,5,5,10,radiant joy akin to blooming flowers on a sunkissed spring morning ,positive,[],2022-05-05,10,1,18,2022
383,387,A sense of wonder at the vastness of the cosmos on a stargazing night. , Wonder     ,2018-07-08 23:00:00, CosmosExplorer  , Instagram ,[],40.0,80.0, South Africa    ,2018,7,8,23,a sense of wonder at the vastness of the cosmos on a stargazing night ,neutral,[],2018-07-08,23,0,27,2018
384,388,Rejuvenated by the salty breeze and the sound of waves at the seaside. , Rejuvenation ,2021-09-20 14:30:00, SeaBreezeLover , Twitter  ,[],18.0,35.0, Spain           ,2021,9,20,14,rejuvenated by the salty breeze and the sound of waves at the seaside ,neutral,[],2021-09-20,14,0,38,2021
385,389,Whispers of inspiration from the rustling leaves in a serene forest. , Inspiration ,2016-11-15 11:45:00, ForestDreamer   , Facebook ,[],28.0,55.0, Portugal        ,2016,11,15,11,whispers of inspiration from the rustling leaves in a serene forest ,positive,[],2016-11-15,11,1,46,2016
386,390,Savoring the warmth of a cup of cocoa on a chilly winter evening.   , Coziness     ,2020-01-12 18:00:00, WinterWarmth    , Instagram ,[],30.0,60.0, Switzerland     ,2020,1,12,18,savoring the warmth of a cup of cocoa on a chilly winter evening   ,positive,[],2020-01-12,18,1,2,2020
387,391,Heartfelt gratitude for the laughter shared during a family reunion. , Gratitude  ,2017-12-28 19:15:00, FamilyGatherer , Facebook ,[],22.0,45.0, Austria         ,2017,12,28,19,heartfelt gratitude for the laughter shared during a family reunion ,positive,[],2017-12-28,19,1,52,2017
388,392,"Embarking on a culinary adventure, savoring exotic flavors around the world. ", Adventure ,2019-03-02 20:20:00, CulinaryExplorer , Twitter  ,[],35.0,70.0, Belgium         ,2019,3,2,20,embarking on a culinary adventure savoring exotic flavors around the world ,positive,[],2019-03-02,20,1,9,2019
389,393,Euphoria floods in as the final puzzle piece clicks into place.       , Euphoria   ,2022-06-08 15:30:00, PuzzleSolver    , Instagram ,[],20.0,40.0, Denmark         ,2022,6,8,15,euphoria floods in as the final puzzle piece clicks into place       ,positive,[],2022-06-08,15,1,23,2022
390,394,Awe-inspired by the grandeur of an ancient cathedral's intricate architecture. , Awe    ,2018-08-18 14:45:00, CathedralVisitor , Facebook ,[],18.0,35.0, Czech Republic  ,2018,8,18,14,aweinspired by the grandeur of an ancient cathedrals intricate architecture ,positive,[],2018-08-18,14,1,33,2018
391,395,Captivated by the ethereal beauty of a field filled with fireflies. , Enchantment   ,2022-08-10 22:00:00, NightSkyObserver , Instagram ,[],25.0,50.0, Brazil           ,2022,8,10,22,captivated by the ethereal beauty of a field filled with fireflies ,positive,[],2022-08-10,22,1,32,2022
392,396,Immersed in the enchanting melodies of a street musician's violin. , Melodic       ,2019-04-05 17:30:00, MusicLover      , Twitter  ,[],18.0,35.0, France           ,2019,4,5,17,immersed in the enchanting melodies of a street musicians violin ,neutral,[],2019-04-05,17,0,14,2019
393,397,Joyful laughter resonates through a lively summer carnival.         , FestiveJoy    ,2020-12-15 15:45:00, CarnivalGoer    , Facebook ,[],22.0,45.0, Japan            ,2020,12,15,15,joyful laughter resonates through a lively summer carnival         ,positive,[],2020-12-15,15,1,51,2020
394,398,Exploring the universe within during a mindful meditation session. , InnerJourney  ,2017-10-20 08:15:00, MindfulExplorer , Instagram ,[],35.0,70.0, Canada           ,2017,10,20,8,exploring the universe within during a mindful meditation session ,neutral,[],2017-10-20,8,0,42,2017
395,399,Soaring like a free spirit on the winds of a coastal cliff.        , Freedom       ,2021-02-28 13:00:00, CoastalExplorer , Twitter  ,[],30.0,60.0, Australia         ,2021,2,28,13,soaring like a free spirit on the winds of a coastal cliff        ,positive,[],2021-02-28,13,1,8,2021
396,400,Dazzled by the elegance of a masquerade ball's dazzling costumes. , Dazzle        ,2018-06-12 20:30:00, MasqueradeAttendee , Facebook ,[],28.0,55.0, UK               ,2018,6,12,20,dazzled by the elegance of a masquerade balls dazzling costumes ,positive,[],2018-06-12,20,1,24,2018
397,401,Whimsical delight in a world of whimsical fairy tales.             , Whimsy        ,2016-03-08 14:20:00, FairyTaleAdventurer , Instagram ,[],20.0,40.0, USA             ,2016,3,8,14,whimsical delight in a world of whimsical fairy tales             ,positive,[],2016-03-08,14,1,10,2016
398,402,Reflective contemplation amid the ruins of a forgotten era.        , Reflection    ,2023-04-18 17:10:00, RuinsExplorer   , Twitter  ,[],18.0,35.0, Greece           ,2023,4,18,17,reflective contemplation amid the ruins of a forgotten era        ,negative,[],2023-04-18,17,-1,16,2023
399,403,Riding the adrenaline rush on a rollercoaster's wild twists.      , Adrenaline     ,2020-07-25 12:45:00, ThrillSeeker    , Facebook ,[],22.0,45.0, Germany         ,2020,7,25,12,riding the adrenaline rush on a rollercoasters wild twists      ,neutral,[],2020-07-25,12,0,30,2020
400,404,Harmony resonates as musicians play a symphony of unity.           , Harmony       ,2019-11-30 19:30:00, MusicHarmonist  , Instagram ,[],35.0,70.0, Sweden          ,2019,11,30,19,harmony resonates as musicians play a symphony of unity           ,positive,[],2019-11-30,19,1,48,2019
401,405,A burst of artistic creativity in the quietude of an artist's studio. , ArtisticBurst ,2015-09-01 16:00:00, StudioArtist    , Twitter  ,[],15.0,30.0, Italy           ,2015,9,1,16,a burst of artistic creativity in the quietude of an artists studio ,positive,[],2015-09-01,16,1,36,2015
402,406,Radiant joy akin to blossoming flowers on a sunlit spring morning. , Radiance      ,2022-05-05 10:15:00, SpringEnthusiast , Facebook ,[],25.0,50.0, Netherlands     ,2022,5,5,10,radiant joy akin to blossoming flowers on a sunlit spring morning ,positive,[],2022-05-05,10,1,18,2022
403,407,Awe-inspired by the vastness of the cosmos on a stargazing night.   , Wonder       ,2018-07-08 23:00:00, CosmosExplorer  , Instagram ,[],40.0,80.0, South Africa    ,2018,7,8,23,aweinspired by the vastness of the cosmos on a stargazing night   ,neutral,[],2018-07-08,23,0,27,2018
404,408,Rejuvenated by the salty breeze and the sound of waves at the seaside. , Rejuvenation ,2021-09-20 14:30:00, SeaBreezeLover , Twitter  ,[],18.0,35.0, Spain           ,2021,9,20,14,rejuvenated by the salty breeze and the sound of waves at the seaside ,neutral,[],2021-09-20,14,0,38,2021
405,409,Whispers of inspiration from the rustling leaves in a serene forest. , Inspiration  ,2016-11-15 11:45:00, ForestDreamer   , Facebook ,[],28.0,55.0, Portugal        ,2016,11,15,11,whispers of inspiration from the rustling leaves in a serene forest ,positive,[],2016-11-15,11,1,46,2016
406,410,Savoring the warmth of a cup of cocoa on a chilly winter evening.   , Coziness     ,2020-01-12 18:00:00, WinterWarmth    , Instagram ,[],30.0,60.0, Switzerland     ,2020,1,12,18,savoring the warmth of a cup of cocoa on a chilly winter evening   ,positive,[],2020-01-12,18,1,2,2020
407,411,Heartfelt gratitude for the laughter shared during a family reunion. , Gratitude  ,2017-12-28 19:15:00, FamilyGatherer , Facebook ,[],22.0,45.0, Austria         ,2017,12,28,19,heartfelt gratitude for the laughter shared during a family reunion ,positive,[],2017-12-28,19,1,52,2017
408,412,"Embarking on a culinary odyssey, savoring flavors around the world. ", CulinaryOdyssey ,2019-03-02 20:20:00, CulinaryExplorer , Twitter  ,[],35.0,70.0, Belgium         ,2019,3,2,20,embarking on a culinary odyssey savoring flavors around the world ,neutral,[],2019-03-02,20,0,9,2019
409,413,Euphoria floods in as the final puzzle piece fits perfectly.       , Euphoria     ,2022-06-08 15:30:00, PuzzleSolver    , Instagram ,[],20.0,40.0, Denmark         ,2022,6,8,15,euphoria floods in as the final puzzle piece fits perfectly       ,positive,[],2022-06-08,15,1,23,2022
410,414,Awe-struck by the grandeur of an ancient cathedral's intricate architecture. , Awe    ,2018-08-18 14:45:00, CathedralVisitor , Facebook ,[],18.0,35.0, Czech Republic  ,2018,8,18,14,awestruck by the grandeur of an ancient cathedrals intricate architecture ,positive,[],2018-08-18,14,1,33,2018
411,415,Curiosity awakened by the mysteries of an ancient archaeological site. , Curiosity  ,2015-11-08 10:00:00, ArchaeologyEnthusiast , Instagram ,[],18.0,35.0, Australia ,2015,11,8,10,curiosity awakened by the mysteries of an ancient archaeological site ,neutral,[],2015-11-08,10,0,45,2015
412,416,Giddy with excitement as the first snowflakes dance from the sky. , Excitement   ,2020-12-02 17:30:00, SnowfallEnthusiast , Twitter  ,[],22.0,45.0, Canada         ,2020,12,2,17,giddy with excitement as the first snowflakes dance from the sky ,positive,[],2020-12-02,17,1,49,2020
413,417,Contentment envelops as the aroma of freshly baked bread fills the air. , Contentment ,2017-06-10 12:15:00, BreadLover     , Instagram ,[],28.0,55.0, France          ,2017,6,10,12,contentment envelops as the aroma of freshly baked bread fills the air ,positive,[],2017-06-10,12,1,23,2017
414,418,Inspired by the resilience of a lone tree standing tall in a storm. , Resilience   ,2021-04-15 14:20:00, NatureResilient , Facebook ,[],35.0,70.0, USA             ,2021,4,15,14,inspired by the resilience of a lone tree standing tall in a storm ,positive,[],2021-04-15,14,1,15,2021
415,419,"Lost in the pages of a captivating novel, transported to another world. ", Immersion ,2019-09-28 19:45:00, Bookworm       , Twitter  ,[],20.0,40.0, UK              ,2019,9,28,19,lost in the pages of a captivating novel transported to another world ,neutral,[],2019-09-28,19,0,39,2019
416,420,Drenched in nostalgia while flipping through an old family photo album. , Nostalgia ,2016-12-05 21:00:00, FamilyHistorian , Instagram ,[],25.0,50.0, India          ,2016,12,5,21,drenched in nostalgia while flipping through an old family photo album ,neutral,[],2016-12-05,21,0,49,2016
417,421,Spark of inspiration ignites like a shooting star in the night sky. , Spark        ,2018-02-10 23:30:00, NightSkyWatcher , Facebook ,[],30.0,60.0, Australia      ,2018,2,10,23,spark of inspiration ignites like a shooting star in the night sky ,positive,[],2018-02-10,23,1,6,2018
418,422,Imbued with gratitude for the simple pleasure of a warm cup of tea. , Gratitude    ,2023-02-15 08:30:00, TeaEnthusiast  , Twitter  ,[],18.0,35.0, Japan           ,2023,2,15,8,imbued with gratitude for the simple pleasure of a warm cup of tea ,positive,[],2023-02-15,8,1,7,2023
419,423,Marveling at the kaleidoscope of colors in a vibrant street market. , Marvel       ,2015-08-22 15:00:00, MarketExplorer , Instagram ,[],22.0,45.0, Brazil          ,2015,8,22,15,marveling at the kaleidoscope of colors in a vibrant street market ,positive,[],2015-08-22,15,1,34,2015
420,424,Awash with serenity as the sun sets over a tranquil lakeside retreat. , Serenity   ,2020-11-20 18:45:00, LakesideRetreater , Facebook ,[],28.0,55.0, Germany       ,2020,11,20,18,awash with serenity as the sun sets over a tranquil lakeside retreat ,positive,[],2020-11-20,18,1,47,2020
421,425,Drowning in sorrow as memories of lost love resurface.            , Heartbreak    ,2019-08-05 21:00:00, LostInLove      , Instagram ,[],15.0,30.0, USA             ,2019,8,5,21,drowning in sorrow as memories of lost love resurface            ,negative,[],2019-08-05,21,-1,32,2019
422,426,Numbness sets in as the weight of loneliness grows heavier.       , Loneliness    ,2021-02-12 16:45:00, SolitudeSeeker , Twitter  ,[],18.0,35.0, Canada          ,2021,2,12,16,numbness sets in as the weight of loneliness grows heavier       ,negative,[],2021-02-12,16,-1,6,2021
423,427,"Tears fall like raindrops, mourning the end of a cherished friendship. ", Grief      ,2020-11-28 14:20:00, FriendshipsEnd  , Facebook ,[],22.0,45.0, UK              ,2020,11,28,14,tears fall like raindrops mourning the end of a cherished friendship ,positive,[],2020-11-28,14,1,48,2020
424,428,"Despair clouds the mind, feeling adrift in an endless sea of darkness. ", Despair   ,2016-05-15 22:30:00, LostInDarkness  , Instagram ,[],28.0,55.0, Australia        ,2016,5,15,22,despair clouds the mind feeling adrift in an endless sea of darkness ,negative,[],2016-05-15,22,-1,19,2016
425,429,"Shattered by betrayal, trust crumbles like fragile glass.          ", Betrayal      ,2018-09-10 13:15:00, BrokenTrust     , Twitter  ,[],22.0,45.0, Germany         ,2018,9,10,13,shattered by betrayal trust crumbles like fragile glass          ,negative,[],2018-09-10,13,-1,37,2018
426,430,"Aching heart, the symphony of pain plays in the silence of solitude. ", Suffering ,2022-03-20 19:30:00, SilentSufferer  , Facebook ,[],25.0,50.0, Brazil          ,2022,3,20,19,aching heart the symphony of pain plays in the silence of solitude ,negative,[],2022-03-20,19,-1,11,2022
427,431,"Emotional storm, a whirlwind of sadness engulfs every thought.    ", EmotionalStorm ,2017-07-18 17:45:00, StormyFeelings  , Instagram ,[],30.0,60.0, India          ,2017,7,18,17,emotional storm a whirlwind of sadness engulfs every thought    ,negative,[],2017-07-18,17,-1,29,2017
428,432,"Haunted by regrets, the ghost of the past lingers relentlessly.   ", Regret        ,2018-12-15 10:00:00, LingeringGhost  , Twitter  ,[],18.0,35.0, France         ,2018,12,15,10,haunted by regrets the ghost of the past lingers relentlessly   ,negative,[],2018-12-15,10,-1,50,2018
429,433,"Torn apart by grief, the echoes of loss reverberate through the soul. ", Grief      ,2015-06-28 21:15:00, EchoesOfLoss    , Facebook ,[],28.0,55.0, Italy         ,2015,6,28,21,torn apart by grief the echoes of loss reverberate through the soul ,negative,[],2015-06-28,21,-1,26,2015
430,434,"Isolation deepens, an emotional winter where warmth is but a distant memory. ", Isolation ,2020-04-02 14:20:00, WinterOfEmotions , Instagram ,[],35.0,70.0, Japan       ,2020,4,2,14,isolation deepens an emotional winter where warmth is but a distant memory ,positive,[],2020-04-02,14,1,14,2020
431,435,"Soul-crushing disappointment, hopes shattered like fragile glass. ", Disappointment ,2019-10-08 18:30:00, ShatteredHopes  , Twitter  ,[],20.0,40.0, Spain        ,2019,10,8,18,soulcrushing disappointment hopes shattered like fragile glass ,negative,[],2019-10-08,18,-1,41,2019
432,436,"Painful echoes of a love once cherished, now lost in the abyss of time. ", LostLove ,2016-11-22 09:45:00, AbyssOfTime     , Facebook ,[],22.0,45.0, Netherlands  ,2016,11,22,9,painful echoes of a love once cherished now lost in the abyss of time ,positive,[],2016-11-22,9,1,47,2016
433,437,"Heartache deepens, a solitary journey through the abyss of despair. ", Despair   ,2022-08-18 22:00:00, SolitaryDescent , Instagram ,[],40.0,80.0, South Africa ,2022,8,18,22,heartache deepens a solitary journey through the abyss of despair ,negative,[],2022-08-18,22,-1,33,2022
434,438,"Melancholy lingers, a bittersweet serenade in the quietude of solitude. ", Melancholy ,2017-03-12 23:30:00, SerenadeOfSolitude , Twitter ,[],18.0,35.0, UK         ,2017,3,12,23,melancholy lingers a bittersweet serenade in the quietude of solitude ,negative,[],2017-03-12,23,-1,10,2017
435,439,"Bitterness like a poison, seeping into every crevice of the wounded heart. ", Bitterness ,2015-12-15 16:15:00, PoisonedHeart   , Facebook ,[],25.0,50.0, Australia   ,2015,12,15,16,bitterness like a poison seeping into every crevice of the wounded heart ,positive,[],2015-12-15,16,1,51,2015
436,440,"Emotional exhaustion, the weight of the world crushing weary shoulders. ", Exhaustion ,2021-09-05 13:30:00, WearySoulCrushed , Instagram ,[],35.0,70.0, Canada     ,2021,9,5,13,emotional exhaustion the weight of the world crushing weary shoulders ,negative,[],2021-09-05,13,-1,35,2021
437,441,"Sorrowful echoes, a symphony of pain played by the strings of loss. ", Sorrow      ,2018-05-22 20:45:00, StringsOfSorrow , Twitter  ,[],18.0,35.0, Germany     ,2018,5,22,20,sorrowful echoes a symphony of pain played by the strings of loss ,negative,[],2018-05-22,20,-1,21,2018
438,442,"Darkness descends, engulfing the soul in the shadows of despair.  ", Darkness     ,2016-07-10 18:20:00, SoulInShadow    , Facebook ,[],28.0,55.0, USA         ,2016,7,10,18,darkness descends engulfing the soul in the shadows of despair  ,negative,[],2016-07-10,18,-1,27,2016
439,443,"Desperation whispers, the silent plea for a glimmer of hope in the abyss. ", Desperation ,2019-04-30 14:00:00, WhisperedDespair , Instagram ,[],22.0,45.0, France    ,2019,4,30,14,desperation whispers the silent plea for a glimmer of hope in the abyss ,neutral,[],2019-04-30,14,0,18,2019
440,444,"Heart in ruins, the remnants of shattered dreams scattered in the wind. ", Ruins      ,2022-01-08 11:30:00, DreamsInWind    , Twitter  ,[],20.0,40.0, Brazil     ,2022,1,8,11,heart in ruins the remnants of shattered dreams scattered in the wind ,positive,[],2022-01-08,11,1,1,2022
441,445,"Shattered by the echoes of a shattered dream, fragments of hope scattered. ", Desolation ,2017-09-10 19:15:00, DreamEchoes , Twitter ,[],20.0,40.0, Australia ,2017,9,10,19,shattered by the echoes of a shattered dream fragments of hope scattered ,negative,[],2017-09-10,19,-1,36,2017
442,446,"Avoiding the thorns of regret, walking barefoot on the path of remorse. ", Regret ,2022-04-18 11:30:00, RemorseWalker , Instagram ,[],25.0,50.0, Canada ,2022,4,18,11,avoiding the thorns of regret walking barefoot on the path of remorse ,negative,[],2022-04-18,11,-1,16,2022
443,447,"In the labyrinth of grief, the walls echo with the footsteps of lost joy. ", Grief ,2018-12-05 21:45:00, JoyLabyrinth , Facebook ,[],18.0,35.0, USA ,2018,12,5,21,in the labyrinth of grief the walls echo with the footsteps of lost joy ,negative,[],2018-12-05,21,-1,49,2018
444,448,"A soul adrift in the sea of solitude, waves of loneliness crashing relentlessly. ", Loneliness ,2016-06-28 14:20:00, SolitudeSeas , Twitter ,[],22.0,45.0, UK ,2016,6,28,14,a soul adrift in the sea of solitude waves of loneliness crashing relentlessly ,negative,[],2016-06-28,14,-1,26,2016
445,449,"The bitterness of betrayal, a taste that lingers, staining the palate of trust. ", Bitterness ,2019-10-22 17:00:00, PalateStainer , Instagram ,[],15.0,30.0, Germany ,2019,10,22,17,the bitterness of betrayal a taste that lingers staining the palate of trust ,negative,[],2019-10-22,17,-1,43,2019
446,450,"In the ruins of hope, echoes of shattered dreams whisper tales of loss. ", Desolation ,2021-03-15 22:45:00, HopeRuins , Facebook ,[],28.0,55.0, Brazil ,2021,3,15,22,in the ruins of hope echoes of shattered dreams whisper tales of loss ,negative,[],2021-03-15,22,-1,11,2021
447,451,"Sinking like a stone in the ocean of heartbreak, each ripple a sigh of despair. ", Heartbreak ,2017-08-10 19:30:00, OceanSinker , Twitter ,[],22.0,45.0, France ,2017,8,10,19,sinking like a stone in the ocean of heartbreak each ripple a sigh of despair ,negative,[],2017-08-10,19,-1,32,2017
448,452,"Tears, the ink staining the pages of a journal, a testament to silent grief. ", Grief ,2023-01-28 14:30:00, InkJournalist , Instagram ,[],30.0,60.0, India ,2023,1,28,14,tears the ink staining the pages of a journal a testament to silent grief ,negative,[],2023-01-28,14,-1,4,2023
449,453,"In the wasteland of lost trust, the echoes of broken promises reverberate. ", Betrayal ,2016-12-12 10:00:00, TrustWasteland , Facebook ,[],25.0,50.0, Italy ,2016,12,12,10,in the wasteland of lost trust the echoes of broken promises reverberate ,positive,[],2016-12-12,10,1,50,2016
450,454,"Avoiding the shards of shattered dreams, walking the tightrope of resilience. ", Resilience ,2020-07-18 15:15:00, DreamTightrope , Twitter ,[],35.0,70.0, Japan ,2020,7,18,15,avoiding the shards of shattered dreams walking the tightrope of resilience ,negative,[],2020-07-18,15,-1,29,2020
451,455,"Suffocating in the silence of solitude, where echoes of laughter once thrived. ", Isolation ,2022-05-20 20:30:00, EchoedLaughter , Instagram ,[],30.0,60.0, South Africa ,2022,5,20,20,suffocating in the silence of solitude where echoes of laughter once thrived ,positive,[],2022-05-20,20,1,20,2022
452,456,"Haunted by the specter of lost possibilities, a ghost that refuses to fade away. ", Regret ,2019-11-08 14:45:00, PossibilityGhost , Twitter ,[],18.0,35.0, Spain ,2019,11,8,14,haunted by the specter of lost possibilities a ghost that refuses to fade away ,negative,[],2019-11-08,14,-1,45,2019
453,457,"In the labyrinth of despair, the echoes of a broken heart reverberate endlessly. ", Despair ,2017-03-28 22:00:00, EndlessLabyrinth , Facebook ,[],28.0,55.0, Australia ,2017,3,28,22,in the labyrinth of despair the echoes of a broken heart reverberate endlessly ,negative,[],2017-03-28,22,-1,13,2017
454,458,"Sinking like autumn leaves in the river of sorrow, carried away by the current. ", Sorrow ,2020-09-15 18:15:00, RiverOfSorrow , Instagram ,[],22.0,45.0, Canada ,2020,9,15,18,sinking like autumn leaves in the river of sorrow carried away by the current ,negative,[],2020-09-15,18,-1,38,2020
455,459,"In the garden of broken dreams, petals fall, a silent testimony to shattered hopes. ", Desolation ,2018-06-10 13:30:00, DreamGardener , Twitter ,[],20.0,40.0, UK ,2018,6,10,13,in the garden of broken dreams petals fall a silent testimony to shattered hopes ,negative,[],2018-06-10,13,-1,23,2018
456,460,"Tears, the currency of grief, spent in the marketplace of lost love and longing. ", Grief ,2016-12-22 21:45:00, CurrencyOfTears , Facebook ,[],25.0,50.0, USA ,2016,12,22,21,tears the currency of grief spent in the marketplace of lost love and longing ,negative,[],2016-12-22,21,-1,51,2016
457,461,"Wandering in the maze of betrayal, the walls closing in with every wrong turn. ", Betrayal ,2021-01-05 16:20:00, MazeWanderer , Instagram ,[],15.0,30.0, Germany ,2021,1,5,16,wandering in the maze of betrayal the walls closing in with every wrong turn ,negative,[],2021-01-05,16,-1,1,2021
458,462,"A soul weathered by the storm of heartbreak, seeking refuge in the calm after. ", Heartbreak ,2019-04-18 11:00:00, StormSeeker , Twitter ,[],22.0,45.0, Brazil ,2019,4,18,11,a soul weathered by the storm of heartbreak seeking refuge in the calm after ,negative,[],2019-04-18,11,-1,16,2019
459,463,"In the tapestry of despair, threads of hope unravel, leaving a portrait of sorrow. ", Despair ,2017-08-28 19:30:00, TapestrySorrow , Facebook ,[],18.0,35.0, India ,2017,8,28,19,in the tapestry of despair threads of hope unravel leaving a portrait of sorrow ,negative,[],2017-08-28,19,-1,35,2017
460,464,"Like a withered rose in the garden of love, petals fall, a silent surrender to time. ", Loss ,2023-02-10 14:30:00, WitheredRose , Instagram ,[],28.0,55.0, France ,2023,2,10,14,like a withered rose in the garden of love petals fall a silent surrender to time ,positive,[],2023-02-10,14,1,6,2023
461,465,"In the void of heartache, echoes of a love song play, each note a pang of longing. ", Heartache ,2022-07-10 22:15:00, LoveSongEcho , Instagram ,[],30.0,60.0, Japan ,2022,7,10,22,in the void of heartache echoes of a love song play each note a pang of longing ,positive,[],2022-07-10,22,1,27,2022
462,466,"Nostalgia, a bittersweet dance in the moonlit ballroom of cherished memories. ", Nostalgia ,2019-05-15 21:30:00, MoonlitMemories , Twitter ,[],18.0,35.0, Italy ,2019,5,15,21,nostalgia a bittersweet dance in the moonlit ballroom of cherished memories ,positive,[],2019-05-15,21,1,20,2019
463,467,"In the symphony of grief, each tear is a note, composing a melancholic melody. ", Grief ,2018-11-28 14:00:00, SymphonyOfTears , Facebook ,[],22.0,45.0, Germany ,2018,11,28,14,in the symphony of grief each tear is a note composing a melancholic melody ,negative,[],2018-11-28,14,-1,48,2018
464,468,"Betrayal, a venomous serpent slithering through the garden of trust, poisoning roots. ", Betrayal ,2021-03-02 17:45:00, VenomousGarden , Instagram ,[],25.0,50.0, Canada ,2021,3,2,17,betrayal a venomous serpent slithering through the garden of trust poisoning roots ,negative,[],2021-03-02,17,-1,9,2021
465,469,"Sinking in the quicksand of despair, the harder you fight, the deeper you descend. ", Despair ,2016-10-18 19:30:00, QuicksandFighter , Twitter ,[],20.0,40.0, USA ,2016,10,18,19,sinking in the quicksand of despair the harder you fight the deeper you descend ,negative,[],2016-10-18,19,-1,42,2016
466,470,"Wandering through the cemetery of lost dreams, tombstones marking untold sorrows. ", Desolation ,2020-08-15 12:30:00, DreamCemetery , Facebook ,[],28.0,55.0, France ,2020,8,15,12,wandering through the cemetery of lost dreams tombstones marking untold sorrows ,negative,[],2020-08-15,12,-1,33,2020
467,471,"Swept away by the river of regret, the currents of the past refusing to release. ", Regret ,2017-04-28 16:20:00, RegretRiver , Instagram ,[],18.0,35.0, UK ,2017,4,28,16,swept away by the river of regret the currents of the past refusing to release ,negative,[],2017-04-28,16,-1,17,2017
468,472,"Whispers of lost love linger in the attic of the heart, forgotten but not erased. ", Loss ,2019-09-10 21:00:00, HeartAttic , Twitter ,[],22.0,45.0, Australia ,2019,9,10,21,whispers of lost love linger in the attic of the heart forgotten but not erased ,positive,[],2019-09-10,21,1,37,2019
469,473,"In the gallery of broken promises, each shattered vow framed, a painful exhibition. ", Betrayal ,2022-01-28 13:45:00, PromiseGallery , Facebook ,[],15.0,30.0, Brazil ,2022,1,28,13,in the gallery of broken promises each shattered vow framed a painful exhibition ,negative,[],2022-01-28,13,-1,4,2022
470,474,"The echoes of solitude, a silent conversation between a soul and its shadows. ", Solitude ,2016-06-15 22:30:00, EchoedConversation , Instagram ,[],30.0,60.0, Spain ,2016,6,15,22,the echoes of solitude a silent conversation between a soul and its shadows ,neutral,[],2016-06-15,22,0,24,2016
471,475,"Dancing on sunshine, each step a celebration of the joy found in simple moments. ", Joy ,2021-08-20 15:45:00, SunshineDancer , Instagram ,[],40.0,80.0, USA ,2021,8,20,15,dancing on sunshine each step a celebration of the joy found in simple moments ,positive,[],2021-08-20,15,1,33,2021
472,476,"Laughter echoes in the air, a chorus of happiness that lifts the spirit higher. ", Happiness ,2018-04-12 18:30:00, EchoedLaughter , Twitter ,[],35.0,70.0, Canada ,2018,4,12,18,laughter echoes in the air a chorus of happiness that lifts the spirit higher ,positive,[],2018-04-12,18,1,15,2018
473,477,"In the garden of contentment, each bloom whispers tales of inner peace and joy. ", Contentment ,2022-02-15 12:20:00, GardenOfJoy , Facebook ,[],25.0,50.0, UK ,2022,2,15,12,in the garden of contentment each bloom whispers tales of inner peace and joy ,positive,[],2022-02-15,12,1,7,2022
474,478,"Chasing dreams under the vibrant sky, a journey fueled by hope and enthusiasm. ", Enthusiasm ,2019-10-28 14:15:00, DreamChaser , Instagram ,[],30.0,60.0, Australia ,2019,10,28,14,chasing dreams under the vibrant sky a journey fueled by hope and enthusiasm ,positive,[],2019-10-28,14,1,44,2019
475,479,"Serenading the stars with a heart full of gratitude, a melody of thankfulness. ", Gratitude ,2017-12-22 21:00:00, StarSerenader , Twitter ,[],22.0,45.0, India ,2017,12,22,21,serenading the stars with a heart full of gratitude a melody of thankfulness ,positive,[],2017-12-22,21,1,51,2017
476,480,"Basking in the glow of accomplishment, each milestone a stepping stone to happiness. ", Accomplishment ,2020-06-10 17:30:00, GlowAchiever , Facebook ,[],28.0,55.0, Germany ,2020,6,10,17,basking in the glow of accomplishment each milestone a stepping stone to happiness ,positive,[],2020-06-10,17,1,24,2020
477,481,"In the dance of positivity, every step is a rhythm, uplifting the soul in harmony. ", Positivity ,2016-09-18 19:45:00, DanceHarmony , Instagram ,[],18.0,35.0, France ,2016,9,18,19,in the dance of positivity every step is a rhythm uplifting the soul in harmony ,positive,[],2016-09-18,19,1,37,2016
478,482,"Overflowing with joy, a cup of laughter shared with friends, a moment cherished. ", Joy ,2023-03-10 14:30:00, LaughterCup , Twitter ,[],20.0,40.0, Japan ,2023,3,10,14,overflowing with joy a cup of laughter shared with friends a moment cherished ,positive,[],2023-03-10,14,1,10,2023
479,483,"Draped in the warmth of kindness, a quilt of compassion stitched with love. ", Kindness ,2019-05-05 12:15:00, QuiltedCompassion , Facebook ,[],25.0,50.0, Brazil ,2019,5,5,12,draped in the warmth of kindness a quilt of compassion stitched with love ,positive,[],2019-05-05,12,1,18,2019
480,484,"In the garden of friendships, each bloom a testament to the beauty of camaraderie. ", Friendship ,2018-08-28 16:00:00, FriendshipGarden , Instagram ,[],30.0,60.0, South Africa ,2018,8,28,16,in the garden of friendships each bloom a testament to the beauty of camaraderie ,positive,[],2018-08-28,16,1,35,2018
481,485,"In the embrace of love, each heartbeat is a melody, dancing to the rhythm of affection. ", Love ,2022-11-15 20:45:00, MelodyOfLove , Twitter ,[],35.0,70.0, USA ,2022,11,15,20,in the embrace of love each heartbeat is a melody dancing to the rhythm of affection ,positive,[],2022-11-15,20,1,46,2022
482,486,"Surrounded by the colors of joy, a canvas painted with laughter and endless smiles. ", Joy ,2019-07-02 17:00:00, ColorfulLaughter , Instagram ,[],40.0,80.0, Canada ,2019,7,2,17,surrounded by the colors of joy a canvas painted with laughter and endless smiles ,positive,[],2019-07-02,17,1,27,2019
483,487,"In the symphony of excitement, each note is a burst of energy, igniting the soul with fervor. ", Excitement ,2021-04-18 14:20:00, SymphonyFervor , Facebook ,[],30.0,60.0, UK ,2021,4,18,14,in the symphony of excitement each note is a burst of energy igniting the soul with fervor ,positive,[],2021-04-18,14,1,15,2021
484,488,"A surprise gift, wrapped in anticipation, unfolds a moment of delight and wonder. ", Surprise ,2023-02-05 19:30:00, WrappedDelight , Twitter ,[],25.0,50.0, Australia ,2023,2,5,19,a surprise gift wrapped in anticipation unfolds a moment of delight and wonder ,positive,[],2023-02-05,19,1,5,2023
485,489,"Lost in the maze of curiosity, each twist and turn unveils the treasures of discovery. ", Curiosity ,2018-09-22 12:45:00, MazeDiscovery , Instagram ,[],22.0,45.0, India ,2018,9,22,12,lost in the maze of curiosity each twist and turn unveils the treasures of discovery ,positive,[],2018-09-22,12,1,38,2018
486,490,"Floating on clouds of gratitude, each raindrop a blessing, a shower of thankfulness. ", Gratitude ,2016-12-10 21:15:00, CloudsOfBlessings , Facebook ,[],28.0,55.0, Germany ,2016,12,10,21,floating on clouds of gratitude each raindrop a blessing a shower of thankfulness ,positive,[],2016-12-10,21,1,49,2016
487,491,"Like a comet of inspiration, streaking through the sky of creativity, leaving trails of brilliance. ", Inspiration ,2020-05-28 16:00:00, CometCreativity , Twitter ,[],18.0,35.0, France ,2020,5,28,16,like a comet of inspiration streaking through the sky of creativity leaving trails of brilliance ,positive,[],2020-05-28,16,1,22,2020
488,492,"In the celebration of success, fireworks of accomplishment light up the night sky of triumph. ", Success ,2017-11-15 22:30:00, FireworksTriumph , Instagram ,[],22.0,45.0, Japan ,2017,11,15,22,in the celebration of success fireworks of accomplishment light up the night sky of triumph ,positive,[],2017-11-15,22,1,46,2017
489,493,"A symphony of laughter, each note a key to unlocking the door of boundless happiness. ", Happiness ,2021-08-02 19:00:00, LaughterSymphony , Facebook ,[],30.0,60.0, Brazil ,2021,8,2,19,a symphony of laughter each note a key to unlocking the door of boundless happiness ,positive,[],2021-08-02,19,1,31,2021
490,494,"In the carnival of emotions, the rollercoaster of thrill sends the heart on a wild ride. ", Thrill ,2019-03-28 15:30:00, EmotionCarnival , Instagram ,[],35.0,70.0, South Africa ,2019,3,28,15,in the carnival of emotions the rollercoaster of thrill sends the heart on a wild ride ,positive,[],2019-03-28,15,1,13,2019
491,495,"Standing before the grandeur of the Eiffel Tower, a moment to reflect on the beauty of Parisian dreams. ", Reflection ,2018-05-12 17:30:00, ParisDreamer , Twitter ,[],28.0,55.0, France ,2018,5,12,17,standing before the grandeur of the eiffel tower a moment to reflect on the beauty of parisian dreams ,positive,[],2018-05-12,17,1,19,2018
492,496,"Lost in the enchantment of Disneyland, each ride a journey into the realm of childhood fantasies. ", Enchantment ,2022-09-28 15:45:00, DisneylandExplorer , Instagram ,[],30.0,60.0, USA ,2022,9,28,15,lost in the enchantment of disneyland each ride a journey into the realm of childhood fantasies ,negative,[],2022-09-28,15,-1,39,2022
493,497,"Exploring the wonders of Ferrari World, the roar of engines creating a symphony of speed. ", Excitement ,2019-11-10 14:00:00, FerrariSpeedster , Facebook ,[],22.0,45.0, Italy ,2019,11,10,14,exploring the wonders of ferrari world the roar of engines creating a symphony of speed ,positive,[],2019-11-10,14,1,45,2019
494,498,"Amidst the tulip fields of Keukenhof, a tapestry of colors that paints the soul with springtime joy. ", Joy ,2021-04-02 18:20:00, KeukenhofAdventurer , Instagram ,[],35.0,70.0, Netherlands ,2021,4,2,18,amidst the tulip fields of keukenhof a tapestry of colors that paints the soul with springtime joy ,positive,[],2021-04-02,18,1,13,2021
495,499,"Wandering through the historical streets of Kyoto, each step a journey into the heart of Japan's traditions. ", Exploration ,2017-08-22 21:30:00, KyotoAdventurer , Twitter ,[],18.0,35.0, Japan ,2017,8,22,21,wandering through the historical streets of kyoto each step a journey into the heart of japans traditions ,positive,[],2017-08-22,21,1,34,2017
496,500,"In the embrace of the Grand Canyon, nature's masterpiece, a moment to marvel at Earth's grandeur. ", Awe ,2020-06-15 16:45:00, CanyonMarveler , Instagram ,[],25.0,50.0, USA ,2020,6,15,16,in the embrace of the grand canyon natures masterpiece a moment to marvel at earths grandeur ,positive,[],2020-06-15,16,1,25,2020
497,501,"Journeying through the serenity of Santorini, where each sunset paints the sky with hues of tranquility. ", Serenity ,2016-09-10 19:15:00, SantoriniTraveler , Facebook ,[],22.0,45.0, Greece ,2016,9,10,19,journeying through the serenity of santorini where each sunset paints the sky with hues of tranquility ,positive,[],2016-09-10,19,1,36,2016
498,502,"Amazed by the architectural marvels of Petra, each stone telling tales of an ancient civilization. ", Amazement ,2023-01-28 13:00:00, PetraExplorer , Twitter ,[],30.0,60.0, Jordan ,2023,1,28,13,amazed by the architectural marvels of petra each stone telling tales of an ancient civilization ,positive,[],2023-01-28,13,1,4,2023
499,503,"Embarking on a gondola ride in Venice, each canal reflecting the romance of this timeless city. ", Romance ,2019-04-18 16:30:00, VeniceRomantic , Instagram ,[],20.0,40.0, Italy ,2019,4,18,16,embarking on a gondola ride in venice each canal reflecting the romance of this timeless city ,positive,[],2019-04-18,16,1,16,2019
500,504,"At the summit of Machu Picchu, a breathtaking panorama that whispers the secrets of ancient civilizations. ", Awe ,2017-11-05 22:00:00, MachuPicchuAdventurer , Facebook ,[],28.0,55.0, Peru ,2017,11,5,22,at the summit of machu picchu a breathtaking panorama that whispers the secrets of ancient civilizations ,positive,[],2017-11-05,22,1,44,2017
501,505,"In the heart of New York City, Times Square dazzles with lights, a vibrant spectacle of urban energy. ", Excitement ,2022-07-20 21:45:00, TimesSquareExplorer , Instagram ,[],35.0,70.0, USA ,2022,7,20,21,in the heart of new york city times square dazzles with lights a vibrant spectacle of urban energy ,positive,[],2022-07-20,21,1,29,2022
502,506,"Captivated by the historical charm of the Colosseum, each stone echoing tales of gladiator valor. ", Captivation ,2018-03-15 17:30:00, ColosseumAdventurer , Twitter ,[],25.0,50.0, Italy ,2018,3,15,17,captivated by the historical charm of the colosseum each stone echoing tales of gladiator valor ,positive,[],2018-03-15,17,1,11,2018
503,507,"Sailing the azure waters of the Maldives, each wave a whisper of serenity in paradise. ", Serenity ,2019-10-28 14:15:00, MaldivesSailor , Facebook ,[],22.0,45.0, Maldives ,2019,10,28,14,sailing the azure waters of the maldives each wave a whisper of serenity in paradise ,positive,[],2019-10-28,14,1,44,2019
504,508,"In the midst of the Amazon rainforest, a symphony of wildlife creates an orchestra of nature's wonders. ", Wonder ,2021-06-10 16:00:00, AmazonExplorer , Instagram ,[],30.0,60.0, Brazil ,2021,6,10,16,in the midst of the amazon rainforest a symphony of wildlife creates an orchestra of natures wonders ,positive,[],2021-06-10,16,1,23,2021
505,509,"Walking the Great Wall of China, each step a testament to ancient engineering marvels. ", Awe ,2017-08-18 19:30:00, GreatWallWalker , Twitter ,[],18.0,35.0, China ,2017,8,18,19,walking the great wall of china each step a testament to ancient engineering marvels ,positive,[],2017-08-18,19,1,33,2017
506,510,"At the summit of Mount Fuji, a breathtaking sunrise that paints the sky with hues of accomplishment. ", Accomplishment ,2020-04-15 05:30:00, FujiSummitAchiever , Facebook ,[],28.0,55.0, Japan ,2020,4,15,5,at the summit of mount fuji a breathtaking sunrise that paints the sky with hues of accomplishment ,positive,[],2020-04-15,5,1,16,2020
507,511,"Exploring the ancient ruins of Angkor Wat, each stone whispering stories of Khmer civilization. ", Exploration ,2016-11-22 13:00:00, AngkorWatAdventurer , Instagram ,[],20.0,40.0, Cambodia ,2016,11,22,13,exploring the ancient ruins of angkor wat each stone whispering stories of khmer civilization ,negative,[],2016-11-22,13,-1,47,2016
508,512,"Skiing down the slopes of the Swiss Alps, each turn a dance with the majesty of snow-capped peaks. ", Adventure ,2019-01-10 14:45:00, AlpsSkiAdventurer , Twitter ,[],22.0,45.0, Switzerland ,2019,1,10,14,skiing down the slopes of the swiss alps each turn a dance with the majesty of snowcapped peaks ,neutral,[],2019-01-10,14,0,2,2019
509,513,"In the tranquility of Kyoto's bamboo forest, whispers of ancient Zen wisdom echo through the groves. ", Tranquility ,2023-02-28 16:20:00, KyotoBambooSeeker , Facebook ,[],25.0,50.0, Japan ,2023,2,28,16,in the tranquility of kyotos bamboo forest whispers of ancient zen wisdom echo through the groves ,positive,[],2023-02-28,16,1,9,2023
510,514,"Cruising the fjords of Norway, each icy landscape a breathtaking masterpiece of nature's grandeur. ", Grandeur ,2018-05-28 18:30:00, NorwayFjordExplorer , Instagram ,[],22.0,45.0, Norway ,2018,5,28,18,cruising the fjords of norway each icy landscape a breathtaking masterpiece of natures grandeur ,positive,[],2018-05-28,18,1,22,2018
511,515,"At the front row of Adele's concert, each note of 'Someone Like You' resonates with soul-stirring emotion. ", Emotion ,2022-09-15 20:00:00, AdeleConcertGoer , Instagram ,[],40.0,80.0, USA ,2022,9,15,20,at the front row of adeles concert each note of someone like you resonates with soulstirring emotion ,positive,[],2022-09-15,20,1,37,2022
512,516,"Dancing under the stars at Beyoncé's live show, feeling the power of 'Single Ladies' in every move. ", Energy ,2019-07-28 21:30:00, BeyonceDancer , Twitter ,[],35.0,70.0, USA ,2019,7,28,21,dancing under the stars at beyoncés live show feeling the power of single ladies in every move ,positive,[],2019-07-28,21,1,30,2019
513,517,"In the crowd of a Taylor Swift concert, the lyrics of 'Love Story' create an enchanting fairy tale. ", Enchantment ,2021-05-10 19:45:00, SwiftieDreamer , Facebook ,[],30.0,60.0, USA ,2021,5,10,19,in the crowd of a taylor swift concert the lyrics of love story create an enchanting fairy tale ,positive,[],2021-05-10,19,1,19,2021
514,518,"Rocking out to the guitar solos at a Queen tribute concert, a journey back in time with Freddie's spirit. ", Nostalgia ,2018-12-02 22:15:00, QueenTributeFan , Instagram ,[],22.0,45.0, UK ,2018,12,2,22,rocking out to the guitar solos at a queen tribute concert a journey back in time with freddies spirit ,positive,[],2018-12-02,22,1,48,2018
515,519,"Swaying to Ed Sheeran's acoustic melodies, a serene evening filled with 'Perfect' moments. ", Serenity ,2020-08-18 19:00:00, SheeranMelodyLover , Twitter ,[],18.0,35.0, UK ,2020,8,18,19,swaying to ed sheerans acoustic melodies a serene evening filled with perfect moments ,positive,[],2020-08-18,19,1,34,2020
516,520,"Immersed in the pulsating beats of a Bruno Mars concert, where 'Uptown Funk' becomes a city of joy. ", Joy ,2017-03-28 20:30:00, MarsJoyExplorer , Facebook ,[],28.0,55.0, USA ,2017,3,28,20,immersed in the pulsating beats of a bruno mars concert where uptown funk becomes a city of joy ,positive,[],2017-03-28,20,1,13,2017
517,521,"At a Michael Jackson tribute show, moonwalking through the hits, a celebration of the King of Pop. ", Celebration ,2022-01-15 21:15:00, MJTributeDancer , Instagram ,[],25.0,50.0, USA ,2022,1,15,21,at a michael jackson tribute show moonwalking through the hits a celebration of the king of pop ,neutral,[],2022-01-15,21,0,2,2022
518,522,"Swinging to the rhythms of a Frank Sinatra tribute, feeling the timeless charm of 'Fly Me to the Moon'. ", Charm ,2019-06-10 18:45:00, SinatraCharmListener , Twitter ,[],22.0,45.0, USA ,2019,6,10,18,swinging to the rhythms of a frank sinatra tribute feeling the timeless charm of fly me to the moon ,positive,[],2019-06-10,18,1,24,2019
519,523,"In the mosh pit of a Metallica concert, the thunderous chords create a symphony of headbanging ecstasy. ", Ecstasy ,2023-03-20 22:30:00, MetallicaMoshWarrior , Facebook ,[],35.0,70.0, USA ,2023,3,20,22,in the mosh pit of a metallica concert the thunderous chords create a symphony of headbanging ecstasy ,positive,[],2023-03-20,22,1,12,2023
520,524,"Experiencing the magic of a Coldplay concert, where 'Fix You' becomes a beacon of hope in the night. ", Hope ,2016-11-28 19:00:00, ColdplayHopeSeeker , Instagram ,[],30.0,60.0, UK ,2016,11,28,19,experiencing the magic of a coldplay concert where fix you becomes a beacon of hope in the night ,positive,[],2016-11-28,19,1,48,2016
521,525,"At a Justin Bieber concert, the infectious beats of 'Baby' create a dance floor of unbridled enthusiasm. ", Enthusiasm ,2018-08-05 20:00:00, BieberDanceEnthusiast , Instagram ,[],40.0,80.0, Canada ,2018,8,5,20,at a justin bieber concert the infectious beats of baby create a dance floor of unbridled enthusiasm ,positive,[],2018-08-05,20,1,31,2018
522,526,"In the spotlight at a Lady Gaga show, each costume change is a metamorphosis of creativity and artistry. ", Creativity ,2021-04-15 21:30:00, GagaArtisticChameleon , Twitter ,[],35.0,70.0, USA ,2021,4,15,21,in the spotlight at a lady gaga show each costume change is a metamorphosis of creativity and artistry ,positive,[],2021-04-15,21,1,15,2021
523,527,"Immersed in the soulful melodies of Adele, tears flow freely, moved by the emotion of 'Hello'. ", Emotion ,2019-11-28 19:45:00, AdeleMelodyTearjerker , Facebook ,[],30.0,60.0, UK ,2019,11,28,19,immersed in the soulful melodies of adele tears flow freely moved by the emotion of hello ,positive,[],2019-11-28,19,1,48,2019
524,528,"Drenched in confetti at a Katy Perry concert, a kaleidoscope of colors igniting the night sky. ", Colorful ,2020-06-22 22:00:00, KatyPerryColorExplosion , Instagram ,[],22.0,45.0, USA ,2020,6,22,22,drenched in confetti at a katy perry concert a kaleidoscope of colors igniting the night sky ,neutral,[],2020-06-22,22,0,26,2020
525,529,"In the audience of a Jay-Z performance, the lyrics of 'Empire State of Mind' become an anthem of pride. ", Pride ,2017-09-10 20:15:00, JayZEmpireListener , Twitter ,[],18.0,35.0, USA ,2017,9,10,20,in the audience of a jayz performance the lyrics of empire state of mind become an anthem of pride ,positive,[],2017-09-10,20,1,36,2017
526,530,"Dancing to Shakira's rhythmic beats, hips swaying to the hypnotic charm of 'Hips Don't Lie'. ", Hypnotic ,2022-02-28 21:15:00, ShakiraHipsDancer , Facebook ,[],28.0,55.0, Colombia ,2022,2,28,21,dancing to shakiras rhythmic beats hips swaying to the hypnotic charm of hips dont lie ,positive,[],2022-02-28,21,1,9,2022
527,531,"At a U2 concert, the anthemic chords of 'With or Without You' create a timeless moment of connection. ", Connection ,2016-05-15 19:30:00, U2ConnectionSeeker , Instagram ,[],25.0,50.0, Ireland ,2016,5,15,19,at a u concert the anthemic chords of with or without you create a timeless moment of connection ,negative,[],2016-05-15,19,-1,19,2016
528,532,"Rocking out at a Guns N' Roses show, the iconic riffs of 'Sweet Child o' Mine' echoing in the night. ", Iconic ,2018-12-10 22:30:00, GunsNRosesRiffRockstar , Twitter ,[],22.0,45.0, USA ,2018,12,10,22,rocking out at a guns n roses show the iconic riffs of sweet child o mine echoing in the night ,positive,[],2018-12-10,22,1,50,2018
529,533,"In the crowd of an Ariana Grande concert, the high notes of 'Into You' create a euphoric symphony. ", Euphoria ,2023-01-22 20:00:00, ArianaEuphoriaChaser , Facebook ,[],35.0,70.0, USA ,2023,1,22,20,in the crowd of an ariana grande concert the high notes of into you create a euphoric symphony ,positive,[],2023-01-22,20,1,3,2023
530,534,"Swaying to the reggae vibes of Bob Marley's tribute concert, each chord a journey to Jamaica's soul. ", Journey ,2020-03-05 18:45:00, MarleyReggaeTraveler , Instagram ,[],30.0,60.0, Jamaica ,2020,3,5,18,swaying to the reggae vibes of bob marleys tribute concert each chord a journey to jamaicas soul ,neutral,[],2020-03-05,18,0,10,2020
531,535,"Captivated by the spellbinding plot twists, the audience applauds, experiencing a rollercoaster of emotions at the movie premiere. ", Excitement ,2018-10-12 20:00:00, MovieEnthusiastPremiereAttendee , Twitter ,[],40.0,80.0, USA ,2018,10,12,20,captivated by the spellbinding plot twists the audience applauds experiencing a rollercoaster of emotions at the movie premiere ,positive,[],2018-10-12,20,1,41,2018
532,536,"As the credits roll, a profound sense of nostalgia washes over, reminiscent of cherished moments in classic films. ", Nostalgia ,2019-06-25 22:15:00, FilmLoverNostalgiaSeeker , Instagram ,[],35.0,70.0, UK ,2019,6,25,22,as the credits roll a profound sense of nostalgia washes over reminiscent of cherished moments in classic films ,positive,[],2019-06-25,22,1,26,2019
533,537,"Streaming the latest web series, the viewer is engrossed in the characters' journey, feeling a sense of connection and empathy. ", Engagement ,2020-07-08 19:30:00, WebSeriesViewerCharacterConnection , Facebook ,[],30.0,60.0, Canada ,2020,7,8,19,streaming the latest web series the viewer is engrossed in the characters journey feeling a sense of connection and empathy ,positive,[],2020-07-08,19,1,28,2020
534,538,"At the film festival, the indie filmmaker's creation receives a standing ovation, evoking pride and a sense of accomplishment. ", Pride ,2017-09-18 21:45:00, IndieFilmmakerFestivalSuccess , Twitter ,[],22.0,45.0, Australia ,2017,9,18,21,at the film festival the indie filmmakers creation receives a standing ovation evoking pride and a sense of accomplishment ,positive,[],2017-09-18,21,1,38,2017
535,539,"Watching a heartwarming family drama, tears flow freely as the characters overcome challenges, leaving the viewer with a warm glow. ", Touched ,2021-01-15 18:00:00, DramaEnthusiastHeartwarmingMoments , Instagram ,[],28.0,55.0, India ,2021,1,15,18,watching a heartwarming family drama tears flow freely as the characters overcome challenges leaving the viewer with a warm glow ,positive,[],2021-01-15,18,1,2,2021
536,540,"At the Oscars, the actor graciously accepts an award, radiating joy and gratitude for the recognition of their outstanding performance. ", Gratitude ,2016-02-28 20:30:00, AwardWinningActorOscarsRecipient , Facebook ,[],18.0,35.0, USA ,2016,2,28,20,at the oscars the actor graciously accepts an award radiating joy and gratitude for the recognition of their outstanding performance ,positive,[],2016-02-28,20,1,8,2016
537,541,"Discovering a hidden gem in the world of documentaries, the viewer is enlightened and inspired, feeling a renewed sense of curiosity. ", Inspiration ,2022-04-20 17:30:00, DocumentaryEnthusiastHiddenGemFinder , Twitter ,[],22.0,45.0, France ,2022,4,20,17,discovering a hidden gem in the world of documentaries the viewer is enlightened and inspired feeling a renewed sense of curiosity ,positive,[],2022-04-20,17,1,16,2022
538,542,"As the movie credits roll, the viewer experiences a mix of awe and contemplation, pondering the deeper meanings woven into the storyline. ", Contemplation ,2019-11-05 21:15:00, FilmBuffContemplativeViewer , Instagram ,[],28.0,55.0, Germany ,2019,11,5,21,as the movie credits roll the viewer experiences a mix of awe and contemplation pondering the deeper meanings woven into the storyline ,positive,[],2019-11-05,21,1,45,2019
539,543,"Binge-watching a thrilling crime series, the suspense keeps the viewer on the edge of their seat, creating a rush of adrenaline. ", Suspense ,2015-07-12 22:00:00, CrimeSeriesEnthusiastThrillSeeker , Facebook ,[],35.0,70.0, Japan ,2015,7,12,22,bingewatching a thrilling crime series the suspense keeps the viewer on the edge of their seat creating a rush of adrenaline ,positive,[],2015-07-12,22,1,28,2015
540,544,"As the closing scene unfolds, a sense of satisfaction washes over, completing the cinematic journey with a profound and fulfilling ending. ", Satisfaction ,2020-09-10 19:45:00, FilmCriticSatisfactionSeeker , Twitter ,[],22.0,45.0, Brazil ,2020,9,10,19,as the closing scene unfolds a sense of satisfaction washes over completing the cinematic journey with a profound and fulfilling ending ,positive,[],2020-09-10,19,1,37,2020
541,545,"Celebrating a historic victory in the World Cup, the nation erupts in joy, united by the triumph of their football team. ", Joy ,2018-07-15 21:30:00, FootballFanWorldCupCelebration , Instagram ,[],40.0,80.0, Brazil ,2018,7,15,21,celebrating a historic victory in the world cup the nation erupts in joy united by the triumph of their football team ,positive,[],2018-07-15,21,1,28,2018
542,546,"At the Olympics, the athlete's perseverance shines through, earning a gold medal and inspiring a generation with their remarkable achievement. ", Inspiration ,2020-08-08 19:45:00, OlympicsEnthusiastGoldMedalWinner , Twitter ,[],35.0,70.0, USA ,2020,8,8,19,at the olympics the athletes perseverance shines through earning a gold medal and inspiring a generation with their remarkable achievement ,positive,[],2020-08-08,19,1,32,2020
543,547,"In the cricket championship, a nail-biting finish leaves fans on the edge of their seats, experiencing a rollercoaster of emotions. ", Excitement ,2019-06-25 22:15:00, CricketFanChampionshipThrills , Facebook ,[],30.0,60.0, India ,2019,6,25,22,in the cricket championship a nailbiting finish leaves fans on the edge of their seats experiencing a rollercoaster of emotions ,positive,[],2019-06-25,22,1,26,2019
544,548,"Witnessing a record-breaking marathon, spectators are filled with awe and admiration for the endurance and dedication of the runners. ", Admiration ,2021-11-07 17:30:00, MarathonSpectatorRecordBreaking , Instagram ,[],22.0,45.0, Kenya ,2021,11,7,17,witnessing a recordbreaking marathon spectators are filled with awe and admiration for the endurance and dedication of the runners ,positive,[],2021-11-07,17,1,44,2021
545,549,"In the tennis grand slam, a fierce rivalry unfolds, captivating fans with a display of skill and sportsmanship on the world stage. ", Captivation ,2017-09-10 20:15:00, TennisEnthusiastGrandSlamDrama , Twitter ,[],28.0,55.0, UK ,2017,9,10,20,in the tennis grand slam a fierce rivalry unfolds captivating fans with a display of skill and sportsmanship on the world stage ,positive,[],2017-09-10,20,1,36,2017
546,550,"Cheering for the underdog in the basketball finals, the crowd erupts in applause as the team defies odds to claim the championship title. ", Triumph ,2022-06-20 21:00:00, BasketballFanUnderdogTriumph , Facebook ,[],18.0,35.0, USA ,2022,6,20,21,cheering for the underdog in the basketball finals the crowd erupts in applause as the team defies odds to claim the championship title ,positive,[],2022-06-20,21,1,25,2022
547,551,"At the golf tournament, the golfer's precision and focus lead to a stunning victory, leaving spectators in awe of their exceptional skill. ", Awe ,2016-04-10 18:30:00, GolfEnthusiastPrecisionVictory , Instagram ,[],22.0,45.0, Scotland ,2016,4,10,18,at the golf tournament the golfers precision and focus lead to a stunning victory leaving spectators in awe of their exceptional skill ,positive,[],2016-04-10,18,1,14,2016
548,552,"Experiencing the thrill of a high-speed Formula 1 race, fans are on the edge of their seats as drivers compete for the championship. ", Thrill ,2019-11-24 19:45:00, F1FanHighSpeedRaceExcitement , Twitter ,[],28.0,55.0, Germany ,2019,11,24,19,experiencing the thrill of a highspeed formula  race fans are on the edge of their seats as drivers compete for the championship ,positive,[],2019-11-24,19,1,47,2019
549,553,"In the cycling world championship, the climber conquers challenging terrains, symbolizing determination and achievement against all odds. ", Determination ,2015-09-28 22:30:00, CyclingEnthusiastWorldChampion , Facebook ,[],35.0,70.0, Italy ,2015,9,28,22,in the cycling world championship the climber conquers challenging terrains symbolizing determination and achievement against all odds ,positive,[],2015-09-28,22,1,40,2015
550,554,"Witnessing a heartwarming comeback in the hockey finals, fans share tears of joy as the team secures a historic victory after adversity. ", Heartwarming ,2020-12-12 20:00:00, HockeyFanComebackVictory , Instagram ,[],22.0,45.0, Canada ,2020,12,12,20,witnessing a heartwarming comeback in the hockey finals fans share tears of joy as the team secures a historic victory after adversity ,positive,[],2020-12-12,20,1,50,2020
551,555,"After a series of defeats, the soccer team faces disappointment, struggling to find the silver lining in a challenging season. ", Disappointment ,2019-11-02 18:45:00, SoccerFanTeamDefeats , Twitter ,[],40.0,80.0, Brazil ,2019,11,2,18,after a series of defeats the soccer team faces disappointment struggling to find the silver lining in a challenging season ,negative,[],2019-11-02,18,-1,44,2019
552,556,"In the tennis tournament, a highly anticipated player experiences a setback, leaving fans in shock and questioning the unforeseen turn of events. ", Frustration ,2018-07-10 21:15:00, TennisEnthusiastUnexpectedSetback , Instagram ,[],35.0,70.0, USA ,2018,7,10,21,in the tennis tournament a highly anticipated player experiences a setback leaving fans in shock and questioning the unforeseen turn of events ,negative,[],2018-07-10,21,-1,28,2018
553,557,"Facing a defeat in the championship, the boxer reflects on the challenges, vowing to return stronger and more determined in the next bout. ", Reflection ,2020-09-18 19:30:00, BoxingFanChampionshipDefeat , Facebook ,[],30.0,60.0, UK ,2020,9,18,19,facing a defeat in the championship the boxer reflects on the challenges vowing to return stronger and more determined in the next bout ,positive,[],2020-09-18,19,1,38,2020
554,558,"In the midst of a cycling race, a tire blowout leads to frustration for the cyclist, who valiantly tries to overcome the unexpected obstacle. ", Obstacle ,2017-05-15 22:00:00, CyclingEnthusiastTireBlowout , Twitter ,[],22.0,45.0, France ,2017,5,15,22,in the midst of a cycling race a tire blowout leads to frustration for the cyclist who valiantly tries to overcome the unexpected obstacle ,negative,[],2017-05-15,22,-1,20,2017
555,559,"The gymnast's unexpected fall during a routine sparks a wave of sympathy from the audience, highlighting the vulnerability of sports. ", Sympathy ,2021-04-05 20:15:00, GymnasticsFanRoutineFall , Instagram ,[],28.0,55.0, Japan ,2021,4,5,20,the gymnasts unexpected fall during a routine sparks a wave of sympathy from the audience highlighting the vulnerability of sports ,positive,[],2021-04-05,20,1,14,2021
556,560,"In the golf tournament, a missed crucial putt results in defeat, causing the golfer to reflect on the pressure of high-stakes competition. ", Pressure ,2016-08-20 18:30:00, GolfEnthusiastMissedPutt , Facebook ,[],18.0,35.0, USA ,2016,8,20,18,in the golf tournament a missed crucial putt results in defeat causing the golfer to reflect on the pressure of highstakes competition ,negative,[],2016-08-20,18,-1,33,2016
557,561,"Experiencing a series of losses in the basketball season, the team grapples with frustration, determined to turn the tide with renewed effort. ", Renewed Effort ,2019-02-12 19:45:00, BasketballFanTeamLosses , Twitter ,[],22.0,45.0, Canada ,2019,2,12,19,experiencing a series of losses in the basketball season the team grapples with frustration determined to turn the tide with renewed effort ,negative,[],2019-02-12,19,-1,7,2019
558,562,"Despite meticulous training, the swimmer faces disappointment as a split-second miscalculation costs them the lead in a crucial race. ", Miscalculation ,2015-06-28 20:00:00, SwimmingEnthusiastRaceSetback , Instagram ,[],28.0,55.0, Australia ,2015,6,28,20,despite meticulous training the swimmer faces disappointment as a splitsecond miscalculation costs them the lead in a crucial race ,negative,[],2015-06-28,20,-1,26,2015
559,563,"The weightlifter's failed attempt at a personal record results in frustration, highlighting the challenging nature of pushing physical limits. ", Challenge ,2022-01-08 21:30:00, WeightliftingFanFailedRecord , Facebook ,[],35.0,70.0, Germany ,2022,1,8,21,the weightlifters failed attempt at a personal record results in frustration highlighting the challenging nature of pushing physical limits ,negative,[],2022-01-08,21,-1,1,2022
560,564,"In the midst of a soccer match, an unexpected own goal creates a moment of despair for the player, as teammates console and encourage them. ", Despair ,2018-12-15 20:15:00, SoccerPlayerOwnGoalMoment , Twitter ,[],22.0,45.0, Spain ,2018,12,15,20,in the midst of a soccer match an unexpected own goal creates a moment of despair for the player as teammates console and encourage them ,positive,[],2018-12-15,20,1,50,2018
561,565,"In the serene beauty of a sunset, nature unfolds a canvas of colors, evoking a sense of tranquility and wonder. ", Tranquility ,2021-07-10 19:00:00, NatureEnthusiastSunsetWonder , Instagram ,[],40.0,80.0, Canada ,2021,7,10,19,in the serene beauty of a sunset nature unfolds a canvas of colors evoking a sense of tranquility and wonder ,positive,[],2021-07-10,19,1,27,2021
562,566,"Embarking on a spontaneous road trip, the traveler discovers hidden gems, creating memories that will be cherished for a lifetime. ", Adventure ,2019-09-28 20:30:00, TravelEnthusiastRoadTripDiscovery , Twitter ,[],35.0,70.0, USA ,2019,9,28,20,embarking on a spontaneous road trip the traveler discovers hidden gems creating memories that will be cherished for a lifetime ,positive,[],2019-09-28,20,1,39,2019
563,567,"Amidst the bustling city, a quiet café becomes a sanctuary for reflection, where a cup of coffee brings solace to the wandering mind. ", Solace ,2022-03-15 18:45:00, UrbanExplorerCafeSolitude , Facebook ,[],30.0,60.0, France ,2022,3,15,18,amidst the bustling city a quiet café becomes a sanctuary for reflection where a cup of coffee brings solace to the wandering mind ,neutral,[],2022-03-15,18,0,11,2022
564,568,"Exploring the vibrant street art of a cultural neighborhood, each mural tells a story, infusing the city with creativity and expression. ", Creativity ,2017-11-05 21:15:00, ArtEnthusiastStreetArtExploration , Instagram ,[],22.0,45.0, Brazil ,2017,11,5,21,exploring the vibrant street art of a cultural neighborhood each mural tells a story infusing the city with creativity and expression ,positive,[],2017-11-05,21,1,44,2017
565,569,"In the world of science, a breakthrough discovery unfolds, pushing the boundaries of knowledge and opening new frontiers of exploration. ", Breakthrough ,2020-05-20 16:30:00, ScienceEnthusiastDiscoveryMoment , Twitter ,[],28.0,55.0, Germany ,2020,5,20,16,in the world of science a breakthrough discovery unfolds pushing the boundaries of knowledge and opening new frontiers of exploration ,positive,[],2020-05-20,16,1,21,2020
566,570,"Connecting with the melody of a live orchestra, the music enthusiast experiences a symphony that resonates deep within the soul. ", Harmony ,2016-08-22 19:45:00, MusicLoverLiveOrchestraExperience , Facebook ,[],18.0,35.0, UK ,2016,8,22,19,connecting with the melody of a live orchestra the music enthusiast experiences a symphony that resonates deep within the soul ,positive,[],2016-08-22,19,1,34,2016
567,571,"Embracing the aroma of freshly baked bread, the home chef finds joy in the art of baking, creating delicious memories for loved ones. ", Joy in Baking ,2023-04-10 17:15:00, HomeBakerDeliciousMemories , Instagram ,[],22.0,45.0, India ,2023,4,10,17,embracing the aroma of freshly baked bread the home chef finds joy in the art of baking creating delicious memories for loved ones ,positive,[],2023-04-10,17,1,15,2023
568,572,"Wandering through a historical museum, the history enthusiast becomes immersed in the tales of the past, envisioning bygone eras. ", Envisioning History ,2015-12-18 18:00:00, HistoryBuffMuseumExploration , Twitter ,[],28.0,55.0, Italy ,2015,12,18,18,wandering through a historical museum the history enthusiast becomes immersed in the tales of the past envisioning bygone eras ,positive,[],2015-12-18,18,1,51,2015
569,573,"In the realm of literature, a captivating novel transports the reader to distant lands, weaving a tapestry of imagination and escape. ", Imagination ,2021-10-08 20:30:00, BookwormCaptivatingNovelEscape , Facebook ,[],35.0,70.0, Japan ,2021,10,8,20,in the realm of literature a captivating novel transports the reader to distant lands weaving a tapestry of imagination and escape ,positive,[],2021-10-08,20,1,40,2021
570,574,"Capturing the essence of a bustling market, the photographer freezes moments in time, each frame telling a unique and vibrant story. ", Vibrancy ,2019-03-22 21:45:00, PhotographyEnthusiastMarketMoments , Instagram ,[],22.0,45.0, Australia ,2019,3,22,21,capturing the essence of a bustling market the photographer freezes moments in time each frame telling a unique and vibrant story ,positive,[],2019-03-22,21,1,12,2019
571,575,"Underneath the city lights, the dancer expresses emotions through graceful movements, creating a mesmerizing performance under the night sky. ", Mesmerizing ,2018-06-15 22:00:00, DanceEnthusiastCityNightPerformance , Twitter ,[],40.0,80.0, USA ,2018,6,15,22,underneath the city lights the dancer expresses emotions through graceful movements creating a mesmerizing performance under the night sky ,positive,[],2018-06-15,22,1,24,2018
572,576,"In the heart of a bustling market, the street food connoisseur indulges in a culinary adventure, savoring diverse flavors and aromas. ", Culinary Adventure ,2019-08-28 19:30:00, FoodieMarketStreetFoodExploration , Instagram ,[],35.0,70.0, Thailand ,2019,8,28,19,in the heart of a bustling market the street food connoisseur indulges in a culinary adventure savoring diverse flavors and aromas ,positive,[],2019-08-28,19,1,35,2019
573,577,"As the first snowflake descends, the winter enthusiast eagerly prepares for a season of frosty delights, anticipating the magic of snow-covered landscapes. ", Winter Magic ,2022-12-01 17:45:00, SnowLoverWinterEnthusiast , Facebook ,[],30.0,60.0, Canada ,2022,12,1,17,as the first snowflake descends the winter enthusiast eagerly prepares for a season of frosty delights anticipating the magic of snowcovered landscapes ,positive,[],2022-12-01,17,1,48,2022
574,578,"Amidst the pages of a captivating mystery novel, the reader unravels clues and secrets, experiencing a thrilling journey of suspense and revelation. ", Thrilling Journey ,2017-04-10 21:15:00, MysteryBookwormSuspensefulRead , Twitter ,[],22.0,45.0, UK ,2017,4,10,21,amidst the pages of a captivating mystery novel the reader unravels clues and secrets experiencing a thrilling journey of suspense and revelation ,positive,[],2017-04-10,21,1,15,2017
575,579,"Surrounded by the vibrant colors of a flower garden, the gardener nurtures blossoms, finding joy in the beauty of nature's ever-changing canvas. ", Nature's Beauty ,2020-05-15 18:30:00, GardeningEnthusiastFlowerGarden , Instagram ,[],28.0,55.0, Australia ,2020,5,15,18,surrounded by the vibrant colors of a flower garden the gardener nurtures blossoms finding joy in the beauty of natures everchanging canvas ,positive,[],2020-05-15,18,1,20,2020
576,580,"At the astronomy observatory, the stargazer marvels at the vastness of the cosmos, contemplating the mysteries hidden within the celestial expanse. ", Celestial Wonder ,2016-09-22 20:00:00, AstronomyEnthusiastStargazing , Facebook ,[],18.0,35.0, USA ,2016,9,22,20,at the astronomy observatory the stargazer marvels at the vastness of the cosmos contemplating the mysteries hidden within the celestial expanse ,positive,[],2016-09-22,20,1,38,2016
577,581,"Engulfed in the aroma of freshly brewed coffee, the writer finds inspiration in every sip, embarking on a journey of creativity and prose. ", Creative Inspiration ,2023-02-12 19:45:00, CoffeeLoverWritersRetreat , Twitter ,[],22.0,45.0, France ,2023,2,12,19,engulfed in the aroma of freshly brewed coffee the writer finds inspiration in every sip embarking on a journey of creativity and prose ,positive,[],2023-02-12,19,1,6,2023
578,582,"In the realm of fashion, the designer unveils a collection that tells a story, blending innovation and tradition on the runway of creativity. ", Runway Creativity ,2015-11-10 21:00:00, FashionEnthusiastDesignerShowcase , Instagram ,[],28.0,55.0, Italy ,2015,11,10,21,in the realm of fashion the designer unveils a collection that tells a story blending innovation and tradition on the runway of creativity ,positive,[],2015-11-10,21,1,46,2015
579,583,"As the waves crash against the shore, the surfer embraces the thrill of riding the ocean's energy, capturing the essence of freedom in each wave. ", Ocean's Freedom ,2021-07-20 18:15:00, SurfingEnthusiastWaveRider , Facebook ,[],22.0,45.0, Brazil ,2021,7,20,18,as the waves crash against the shore the surfer embraces the thrill of riding the oceans energy capturing the essence of freedom in each wave ,positive,[],2021-07-20,18,1,29,2021
580,584,"Exploring the historical architecture of an ancient city, the traveler is transported to a bygone era, where each monument whispers tales of the past. ", Whispers of the Past ,2019-04-18 20:30:00, HistoryExplorerAncientCityTour , Twitter ,[],35.0,70.0, Greece ,2019,4,18,20,exploring the historical architecture of an ancient city the traveler is transported to a bygone era where each monument whispers tales of the past ,neutral,[],2019-04-18,20,0,16,2019
581,585,Successfully avoided eye contact with my crush in the hallway. Mission accomplished. #TeenCrush #StealthMode , Excitement ,2023-05-20 19:45:00, CrushAvoider , Twitter ,"['#teencrush', '#stealthmode']",15.0,30.0, USA,2023,5,20,19,successfully avoided eye contact with my crush in the hallway mission accomplished teencrush stealthmode ,positive,"['TeenCrush', 'StealthMode']",2023-05-20,19,1,20,2023
582,586,Ran out of snacks during a movie marathon. Crisis level: Emergency! #MovieNightStruggles #TeenProblems , Boredom ,2023-05-21 21:00:00, MovieBuff , Instagram ,"['#movienightstruggles', '#teenproblems']",18.0,35.0, Canada,2023,5,21,21,ran out of snacks during a movie marathon crisis level emergency movienightstruggles teenproblems ,negative,"['MovieNightStruggles', 'TeenProblems']",2023-05-21,21,-1,20,2023
583,587,Spent an hour choosing the perfect filter for a selfie. The struggle for that Instagram aesthetic is real. #SelfieQueen #TeenVibes , Joy ,2023-05-22 14:30:00, SelfieAddict , Facebook ,"['#selfiequeen', '#teenvibes']",22.0,45.0, UK,2023,5,22,14,spent an hour choosing the perfect filter for a selfie the struggle for that instagram aesthetic is real selfiequeen teenvibes ,positive,"['SelfieQueen', 'TeenVibes']",2023-05-22,14,1,21,2023
584,588,Lost my headphones again. How do they vanish into thin air? #HeadphoneMystery #TeenLife , Frustration ,2023-05-23 16:45:00, AudioExplorer , Twitter ,"['#headphonemystery', '#teenlife']",20.0,40.0, USA,2023,5,23,16,lost my headphones again how do they vanish into thin air headphonemystery teenlife ,negative,"['HeadphoneMystery', 'TeenLife']",2023-05-23,16,-1,21,2023
585,589,Decided to study for exams but ended up making memes about studying instead. Procrastination level: Expert. #ProcrastinationNation #TeenConfessions , Surprise ,2023-05-24 13:15:00, MemeCreator , Instagram ,"['#procrastinationnation', '#teenconfessions']",25.0,50.0, Canada,2023,5,24,13,decided to study for exams but ended up making memes about studying instead procrastination level expert procrastinationnation teenconfessions ,neutral,"['ProcrastinationNation', 'TeenConfessions']",2023-05-24,13,0,21,2023
586,590,"Got dressed for the day, then remembered it's Saturday. Oops. #WeekendVibes #TeenStruggles ", Indifference ,2023-05-25 19:00:00, FashionBlunder , Facebook ,"['#weekendvibes', '#teenstruggles']",20.0,40.0, USA,2023,5,25,19,got dressed for the day then remembered its saturday oops weekendvibes teenstruggles ,neutral,"['WeekendVibes', 'TeenStruggles']",2023-05-25,19,0,21,2023
587,591,Survived a group project without any drama. Miracles do happen. #GroupProjectSuccess #TeenAchievements , Satisfaction ,2023-05-26 14:20:00, GroupGenius , Twitter ,"['#groupprojectsuccess', '#teenachievements']",28.0,55.0, UK,2023,5,26,14,survived a group project without any drama miracles do happen groupprojectsuccess teenachievements ,positive,"['GroupProjectSuccess', 'TeenAchievements']",2023-05-26,14,1,21,2023
588,592,"Entered the kitchen with the intention to cook. Left with a bag of chips. Cooking is overrated, anyway. #MasterChefInTraining #TeenHumor ", Disgust ,2023-05-27 21:15:00, ChipExplorer , Instagram ,"['#masterchefintraining', '#teenhumor']",22.0,45.0, Canada,2023,5,27,21,entered the kitchen with the intention to cook left with a bag of chips cooking is overrated anyway masterchefintraining teenhumor ,neutral,"['MasterChefInTraining', 'TeenHumor']",2023-05-27,21,0,21,2023
589,593,"Staring at the clock in class, waiting for the bell to ring like it's the most exciting event of the day. #ClassCountdown #TeenLife ", Surprise ,2023-05-28 12:00:00, ExcitementSeeker , Facebook ,"['#classcountdown', '#teenlife']",18.0,35.0, USA,2023,5,28,12,staring at the clock in class waiting for the bell to ring like its the most exciting event of the day classcountdown teenlife ,positive,"['ClassCountdown', 'TeenLife']",2023-05-28,12,1,21,2023
590,594,"Discovered a new book series and spent the whole night reading. Who needs sleep, anyway? #BookwormLife #LateNightReading ", Joy ,2023-05-29 23:30:00, NightReader , Twitter ,"['#bookwormlife', '#latenightreading']",30.0,60.0, UK,2023,5,29,23,discovered a new book series and spent the whole night reading who needs sleep anyway bookwormlife latenightreading ,neutral,"['BookwormLife', 'LateNightReading']",2023-05-29,23,0,22,2023
591,595,"Bought a new video game, played for hours, forgot to eat. The ultimate gaming session. #GamerLife #NoFoodGaming ", Excitement ,2023-05-30 20:45:00, GamingEnthusiast , Instagram ,"['#gamerlife', '#nofoodgaming']",22.0,45.0, USA,2023,5,30,20,bought a new video game played for hours forgot to eat the ultimate gaming session gamerlife nofoodgaming ,positive,"['GamerLife', 'NoFoodGaming']",2023-05-30,20,1,22,2023
592,596,Spent the day binge-watching a new series. Productivity level: Zero. #LazyDay #TVSeriesMarathon , Joy ,2023-05-31 15:30:00, LazyWatcher , Facebook ,"['#lazyday', '#tvseriesmarathon']",35.0,70.0, Canada,2023,5,31,15,spent the day bingewatching a new series productivity level zero lazyday tvseriesmarathon ,neutral,"['LazyDay', 'TVSeriesMarathon']",2023-05-31,15,0,22,2023
593,597,Caught up on the latest fashion trends and now planning a shopping spree. #Fashionista #TrendyTeen , Excitement ,2023-06-01 18:00:00, TrendExplorer , Twitter ,"['#fashionista', '#trendyteen']",20.0,40.0, USA,2023,6,1,18,caught up on the latest fashion trends and now planning a shopping spree fashionista trendyteen ,neutral,"['Fashionista', 'TrendyTeen']",2023-06-01,18,0,22,2023
594,598,Decided to learn a new instrument. Day one: Still trying to figure out how to hold it. #MusicNovice #LearningJourney , Frustration ,2023-06-02 14:30:00, MusicalExplorer , Instagram ,"['#musicnovice', '#learningjourney']",28.0,55.0, UK,2023,6,2,14,decided to learn a new instrument day one still trying to figure out how to hold it musicnovice learningjourney ,neutral,"['MusicNovice', 'LearningJourney']",2023-06-02,14,0,22,2023
595,599,Spent hours creating the perfect playlist for every mood. Music is my therapy. #PlaylistMaker #TeenMusicLover , Joy ,2023-06-03 21:15:00, MusicAficionado , Facebook ,"['#playlistmaker', '#teenmusiclover']",22.0,45.0, Canada,2023,6,3,21,spent hours creating the perfect playlist for every mood music is my therapy playlistmaker teenmusiclover ,positive,"['PlaylistMaker', 'TeenMusicLover']",2023-06-03,21,1,22,2023
596,600,Successfully cooked a gourmet meal for the family. Chef skills unlocked! #ChefMode #TeenChef , Pride ,2023-06-04 19:30:00, HomeChef , Twitter ,"['#chefmode', '#teenchef']",25.0,50.0, USA,2023,6,4,19,successfully cooked a gourmet meal for the family chef skills unlocked chefmode teenchef ,positive,"['ChefMode', 'TeenChef']",2023-06-04,19,1,22,2023
597,601,Spontaneously booked a weekend getaway. Adventure awaits! #TravelBug #WeekendEscape , Excitement ,2023-06-05 10:00:00, AdventureSeeker , Instagram ,"['#travelbug', '#weekendescape']",18.0,35.0, UK,2023,6,5,10,spontaneously booked a weekend getaway adventure awaits travelbug weekendescape ,positive,"['TravelBug', 'WeekendEscape']",2023-06-05,10,1,23,2023
598,602,Attended a concert and danced the night away. Music is the heartbeat of life. #ConcertVibes #DanceAllNight , Joy ,2023-06-06 22:30:00, DanceEnthusiast , Facebook ,"['#concertvibes', '#danceallnight']",28.0,55.0, Canada,2023,6,6,22,attended a concert and danced the night away music is the heartbeat of life concertvibes danceallnight ,neutral,"['ConcertVibes', 'DanceAllNight']",2023-06-06,22,0,23,2023
599,603,Rediscovered childhood cartoons and had a nostalgia-filled marathon. #CartoonNostalgia #TeenMemories , Joy ,2023-06-07 12:45:00, NostalgiaExplorer , Twitter ,"['#cartoonnostalgia', '#teenmemories']",22.0,45.0, USA,2023,6,7,12,rediscovered childhood cartoons and had a nostalgiafilled marathon cartoonnostalgia teenmemories ,neutral,"['CartoonNostalgia', 'TeenMemories']",2023-06-07,12,0,23,2023
600,604,Embarked on a DIY home decor project. Let's hope it turns out better than last time. #DIYAdventure #TeenHomeDecor , Excitement ,2023-06-08 16:00:00, HomeDecorator , Instagram ,"['#diyadventure', '#teenhomedecor']",35.0,70.0, UK,2023,6,8,16,embarked on a diy home decor project lets hope it turns out better than last time diyadventure teenhomedecor ,positive,"['DIYAdventure', 'TeenHomeDecor']",2023-06-08,16,1,23,2023
601,605,"Spent the afternoon at a museum, pretending to be cultured. Art enthusiast in the making. #MuseumDay #TeenArtLover ", Curiosity ,2023-06-09 14:00:00, ArtExplorer , Facebook ,"['#museumday', '#teenartlover']",20.0,40.0, USA,2023,6,9,14,spent the afternoon at a museum pretending to be cultured art enthusiast in the making museumday teenartlover ,positive,"['MuseumDay', 'TeenArtLover']",2023-06-09,14,1,23,2023
602,606,Started a blog about random thoughts and musings. Blogging is the new diary. #BloggerLife #TeenBlogger , Curiosity ,2023-06-10 17:30:00, ThoughtfulBlogger , Twitter ,"['#bloggerlife', '#teenblogger']",30.0,60.0, Canada,2023,6,10,17,started a blog about random thoughts and musings blogging is the new diary bloggerlife teenblogger ,neutral,"['BloggerLife', 'TeenBlogger']",2023-06-10,17,0,23,2023
603,607,Relishing a peaceful afternoon with a classic novel. Quiet moments are the best moments. #BookLover #PeacefulAfternoon , Contentment ,2023-06-11 15:30:00, NovelEnthusiast , Instagram ,"['#booklover', '#peacefulafternoon']",35.0,70.0, USA,2023,6,11,15,relishing a peaceful afternoon with a classic novel quiet moments are the best moments booklover peacefulafternoon ,positive,"['BookLover', 'PeacefulAfternoon']",2023-06-11,15,1,23,2023
604,608,"Reflecting on a lifetime of memories, each wrinkle tells a story. Embracing the beauty of aging. #LifeReflections #BeautyInAging ", Gratitude ,2023-06-12 18:00:00, WiseSoul , Twitter ,"['#lifereflections', '#beautyinaging']",28.0,55.0, UK,2023,6,12,18,reflecting on a lifetime of memories each wrinkle tells a story embracing the beauty of aging lifereflections beautyinaging ,positive,"['LifeReflections', 'BeautyInAging']",2023-06-12,18,1,24,2023
605,609,Exploring the world of digital art. It's never too late to discover new passions. #DigitalArtistry #LateBloomer , Curiosity ,2023-06-13 14:45:00, ArtAdventurer , Facebook ,"['#digitalartistry', '#latebloomer']",22.0,45.0, Canada,2023,6,13,14,exploring the world of digital art its never too late to discover new passions digitalartistry latebloomer ,positive,"['DigitalArtistry', 'LateBloomer']",2023-06-13,14,1,24,2023
606,610,Savoring the flavors of a home-cooked meal. Simple joys are the heart of happiness. #HomeCooking #SimpleJoys , Contentment ,2023-06-14 19:30:00, HomeChefSenior , Instagram ,"['#homecooking', '#simplejoys']",25.0,50.0, USA,2023,6,14,19,savoring the flavors of a homecooked meal simple joys are the heart of happiness homecooking simplejoys ,positive,"['HomeCooking', 'SimpleJoys']",2023-06-14,19,1,24,2023
607,611,Embarking on a journey of learning a new language. The mind stays young with every new word. #LanguageLearning #NeverTooLate , Curiosity ,2023-06-15 12:15:00, LinguisticExplorer , Twitter ,"['#languagelearning', '#nevertoolate']",30.0,60.0, UK,2023,6,15,12,embarking on a journey of learning a new language the mind stays young with every new word languagelearning nevertoolate ,neutral,"['LanguageLearning', 'NeverTooLate']",2023-06-15,12,0,24,2023
608,612,"Attended a classical music concert, feeling the timeless melodies resonate. Music transcends generations. #ClassicalMusic #TimelessMelodies ", Joy ,2023-06-16 21:45:00, MusicConnoisseur , Facebook ,"['#classicalmusic', '#timelessmelodies']",18.0,35.0, Canada,2023,6,16,21,attended a classical music concert feeling the timeless melodies resonate music transcends generations classicalmusic timelessmelodies ,positive,"['ClassicalMusic', 'TimelessMelodies']",2023-06-16,21,1,24,2023
609,613,Capturing the beauty of nature through photography. Every snapshot is a treasure. #NaturePhotography #SeniorPhotographer , Joy ,2023-06-17 15:00:00, PhotographySenior , Instagram ,"['#naturephotography', '#seniorphotographer']",35.0,70.0, USA,2023,6,17,15,capturing the beauty of nature through photography every snapshot is a treasure naturephotography seniorphotographer ,positive,"['NaturePhotography', 'SeniorPhotographer']",2023-06-17,15,1,24,2023
610,614,"Reconnecting with old friends over a cup of tea. Friendship, the true essence of companionship. #OldFriends #Companionship ", Contentment ,2023-06-18 11:30:00, TeaTimeSenior , Twitter ,"['#oldfriends', '#companionship']",28.0,55.0, UK,2023,6,18,11,reconnecting with old friends over a cup of tea friendship the true essence of companionship oldfriends companionship ,positive,"['OldFriends', 'Companionship']",2023-06-18,11,1,24,2023
611,615,"Embarked on a road trip to revisit cherished places from the past. Nostalgia, the ultimate travel companion. #RoadTrip #NostalgiaTour ", Joy ,2023-06-19 16:30:00, RoadTripSenior , Facebook ,"['#roadtrip', '#nostalgiatour']",22.0,45.0, Canada,2023,6,19,16,embarked on a road trip to revisit cherished places from the past nostalgia the ultimate travel companion roadtrip nostalgiatour ,positive,"['RoadTrip', 'NostalgiaTour']",2023-06-19,16,1,25,2023
612,616,"Joined a community choir, harmonizing with fellow voices. Music creates bonds that withstand time. #CommunityChoir #HarmonyInAging ", Joy ,2023-06-20 14:20:00, ChoirEnthusiast , Instagram ,"['#communitychoir', '#harmonyinaging']",20.0,40.0, USA,2023,6,20,14,joined a community choir harmonizing with fellow voices music creates bonds that withstand time communitychoir harmonyinaging ,positive,"['CommunityChoir', 'HarmonyInAging']",2023-06-20,14,1,25,2023
613,617,"Exploring the art of meditation, finding tranquility in the stillness of the mind. #MeditationJourney #TranquilMind ", Contentment ,2023-06-21 19:00:00, MeditationSenior , Twitter ,"['#meditationjourney', '#tranquilmind']",18.0,35.0, UK,2023,6,21,19,exploring the art of meditation finding tranquility in the stillness of the mind meditationjourney tranquilmind ,positive,"['MeditationJourney', 'TranquilMind']",2023-06-21,19,1,25,2023
614,618,"Taking a stroll in the garden, appreciating the beauty of blooming flowers. Nature's wonders never cease. #GardenWalk #FloralBeauty ", Contentment ,2023-06-22 13:45:00, GardenEnthusiast , Facebook ,"['#gardenwalk', '#floralbeauty']",25.0,50.0, USA,2023,6,22,13,taking a stroll in the garden appreciating the beauty of blooming flowers natures wonders never cease gardenwalk floralbeauty ,positive,"['GardenWalk', 'FloralBeauty']",2023-06-22,13,1,25,2023
615,619,"Sipping on a favorite vintage wine, each sip telling a story of the years gone by. Cheers to a life well-lived. #WineLover #VintageCheers ", Contentment ,2023-06-23 18:45:00, WineConnoisseur , Instagram ,"['#winelover', '#vintagecheers']",28.0,55.0, UK,2023,6,23,18,sipping on a favorite vintage wine each sip telling a story of the years gone by cheers to a life welllived winelover vintagecheers ,positive,"['WineLover', 'VintageCheers']",2023-06-23,18,1,25,2023
616,620,"Participated in a community art class, unleashing creativity in the golden years. Art has no age limit. #ArtClass #SeniorArtistry ", Joy ,2023-06-24 16:15:00, ArtisticSenior , Twitter ,"['#artclass', '#seniorartistry']",22.0,45.0, Canada,2023,6,24,16,participated in a community art class unleashing creativity in the golden years art has no age limit artclass seniorartistry ,positive,"['ArtClass', 'SeniorArtistry']",2023-06-24,16,1,25,2023
617,621,"Embarking on a journey of writing a memoir, documenting a lifetime of experiences. Every story matters. #MemoirWriting #SeniorStories ", Gratitude ,2023-06-25 20:30:00, MemoiristSenior , Facebook ,"['#memoirwriting', '#seniorstories']",35.0,70.0, USA,2023,6,25,20,embarking on a journey of writing a memoir documenting a lifetime of experiences every story matters memoirwriting seniorstories ,neutral,"['MemoirWriting', 'SeniorStories']",2023-06-25,20,0,25,2023
618,622,"Attended a lecture on history, always fascinated by the lessons from the past. Learning is a lifelong adventure. #HistoryLecture #SeniorLearning ", Curiosity ,2023-06-26 14:00:00, HistoryEnthusiast , Instagram ,"['#historylecture', '#seniorlearning']",30.0,60.0, UK,2023,6,26,14,attended a lecture on history always fascinated by the lessons from the past learning is a lifelong adventure historylecture seniorlearning ,positive,"['HistoryLecture', 'SeniorLearning']",2023-06-26,14,1,26,2023
619,623,"Rediscovered the joy of cooking traditional family recipes. The kitchen, a place of cherished memories. #FamilyRecipes #SeniorCooking ", Contentment ,2023-06-27 17:45:00, FamilyChefSenior , Twitter ,"['#familyrecipes', '#seniorcooking']",20.0,40.0, USA,2023,6,27,17,rediscovered the joy of cooking traditional family recipes the kitchen a place of cherished memories familyrecipes seniorcooking ,positive,"['FamilyRecipes', 'SeniorCooking']",2023-06-27,17,1,26,2023
620,624,"Joined a nature photography club, capturing the beauty of the great outdoors. Every click is a connection to nature. #NaturePhotography #SeniorPhotographer ", Joy ,2023-06-28 22:15:00, NaturePhotographySenior , Facebook ,"['#naturephotography', '#seniorphotographer']",18.0,35.0, UK,2023,6,28,22,joined a nature photography club capturing the beauty of the great outdoors every click is a connection to nature naturephotography seniorphotographer ,positive,"['NaturePhotography', 'SeniorPhotographer']",2023-06-28,22,1,26,2023
621,625,"Attended a jazz concert and swayed to the rhythm of timeless tunes. Music, a constant companion in the golden years. #JazzConcert #SeniorMusic ", Joy ,2023-06-29 16:30:00, JazzMusicLover , Instagram ,"['#jazzconcert', '#seniormusic']",25.0,50.0, USA,2023,6,29,16,attended a jazz concert and swayed to the rhythm of timeless tunes music a constant companion in the golden years jazzconcert seniormusic ,neutral,"['JazzConcert', 'SeniorMusic']",2023-06-29,16,0,26,2023
622,626,"Joined a writing group, penning down thoughts and reflections. Writing, a journey into the depths of the soul. #WritingGroup #SeniorWriter ", Gratitude ,2023-06-30 19:30:00, SeniorWordsmith , Twitter ,"['#writinggroup', '#seniorwriter']",28.0,55.0, UK,2023,6,30,19,joined a writing group penning down thoughts and reflections writing a journey into the depths of the soul writinggroup seniorwriter ,neutral,"['WritingGroup', 'SeniorWriter']",2023-06-30,19,0,26,2023
623,627,"Embarked on a solo travel adventure, discovering the beauty of new places at my own pace. #SoloTravel #SeniorExplorer ", Excitement ,2023-07-01 14:00:00, SoloAdventurer , Instagram ,"['#solotravel', '#seniorexplorer']",30.0,60.0, USA,2023,7,1,14,embarked on a solo travel adventure discovering the beauty of new places at my own pace solotravel seniorexplorer ,positive,"['SoloTravel', 'SeniorExplorer']",2023-07-01,14,1,26,2023
624,628,"Attended a vintage car show, reminiscing about the classics that once ruled the roads. Nostalgia in every rev. #VintageCars #ClassicRides ", Joy ,2023-07-02 18:30:00, CarEnthusiastSenior , Facebook ,"['#vintagecars', '#classicrides']",22.0,45.0, UK,2023,7,2,18,attended a vintage car show reminiscing about the classics that once ruled the roads nostalgia in every rev vintagecars classicrides ,neutral,"['VintageCars', 'ClassicRides']",2023-07-02,18,0,26,2023
625,629,"Started a community garden, growing not just plants but friendships too. Green thumbs unite! #CommunityGarden #SeniorGardener ", Joy ,2023-07-03 12:45:00, GreenThumbSenior , Twitter ,"['#communitygarden', '#seniorgardener']",28.0,55.0, Canada,2023,7,3,12,started a community garden growing not just plants but friendships too green thumbs unite communitygarden seniorgardener ,positive,"['CommunityGarden', 'SeniorGardener']",2023-07-03,12,1,27,2023
626,630,"Hosted a family dinner, where laughter echoed louder than the clinking of utensils. Family, the heart of happiness. #FamilyDinner #SeniorHost ", Contentment ,2023-07-04 17:00:00, FamilyHostSenior , Instagram ,"['#familydinner', '#seniorhost']",35.0,70.0, USA,2023,7,4,17,hosted a family dinner where laughter echoed louder than the clinking of utensils family the heart of happiness familydinner seniorhost ,positive,"['FamilyDinner', 'SeniorHost']",2023-07-04,17,1,27,2023
627,631,"Enrolled in a dance class for seniors, moving to the rhythm of life. Age is just a number on the dance floor. #DanceClass #SeniorDancer ", Joy ,2023-07-05 20:15:00, DanceEnthusiastSenior , Twitter ,"['#danceclass', '#seniordancer']",18.0,35.0, UK,2023,7,5,20,enrolled in a dance class for seniors moving to the rhythm of life age is just a number on the dance floor danceclass seniordancer ,positive,"['DanceClass', 'SeniorDancer']",2023-07-05,20,1,27,2023
628,632,"Visited an art gallery, appreciating the brushstrokes that tell tales of creativity. Art, an eternal companion. #ArtGallery #SeniorArtLover ", Joy ,2023-07-06 14:30:00, ArtGalleryVisitor , Facebook ,"['#artgallery', '#seniorartlover']",25.0,50.0, USA,2023,7,6,14,visited an art gallery appreciating the brushstrokes that tell tales of creativity art an eternal companion artgallery seniorartlover ,positive,"['ArtGallery', 'SeniorArtLover']",2023-07-06,14,1,27,2023
629,633,"Started a book club for seniors, where discussions are as lively as the characters in the novels. #BookClub #SeniorReaders ", Joy ,2023-07-07 19:45:00, SeniorBookClub , Instagram ,"['#bookclub', '#seniorreaders']",22.0,45.0, UK,2023,7,7,19,started a book club for seniors where discussions are as lively as the characters in the novels bookclub seniorreaders ,positive,"['BookClub', 'SeniorReaders']",2023-07-07,19,1,27,2023
630,634,"Hosted a picnic in the park, basking in the warmth of friendship and sunshine. Simple joys, timeless memories. #ParkPicnic #SeniorJoy ", Contentment ,2023-07-08 16:00:00, SeniorPicnicHost , Twitter ,"['#parkpicnic', '#seniorjoy']",30.0,60.0, Canada,2023,7,8,16,hosted a picnic in the park basking in the warmth of friendship and sunshine simple joys timeless memories parkpicnic seniorjoy ,positive,"['ParkPicnic', 'SeniorJoy']",2023-07-08,16,1,27,2023
631,635,"Participated in a local theater production, proving that the stage belongs to every age. #TheaterProduction #SeniorActor ", Joy ,2023-07-09 22:30:00, SeniorActor , Facebook ,"['#theaterproduction', '#senioractor']",20.0,40.0, USA,2023,7,9,22,participated in a local theater production proving that the stage belongs to every age theaterproduction senioractor ,neutral,"['TheaterProduction', 'SeniorActor']",2023-07-09,22,0,27,2023
632,636,"Embarked on a hiking adventure, conquering trails and relishing the beauty of nature. Age is just a number on the mountaintop. #HikingAdventure #SeniorHiker ", Excitement ,2023-07-10 14:20:00, SeniorHikerExplorer , Instagram ,"['#hikingadventure', '#seniorhiker']",28.0,55.0, UK,2023,7,10,14,embarked on a hiking adventure conquering trails and relishing the beauty of nature age is just a number on the mountaintop hikingadventure seniorhiker ,positive,"['HikingAdventure', 'SeniorHiker']",2023-07-10,14,1,28,2023
633,637,Hosted a photography exhibition featuring snapshots of a life well-lived. Every photo has a story to tell. #PhotographyExhibition #SeniorPhotographer , Gratitude ,2023-07-11 18:45:00, SeniorPhotographerExhibitor , Twitter ,"['#photographyexhibition', '#seniorphotographer']",22.0,45.0, Canada,2023,7,11,18,hosted a photography exhibition featuring snapshots of a life welllived every photo has a story to tell photographyexhibition seniorphotographer ,neutral,"['PhotographyExhibition', 'SeniorPhotographer']",2023-07-11,18,0,28,2023
634,638,"Joined a seniors' cycling club, feeling the wind in my hair and the freedom of the open road. #CyclingClub #SeniorCyclist ", Excitement ,2023-07-12 13:45:00, SeniorCyclingEnthusiast , Facebook ,"['#cyclingclub', '#seniorcyclist']",25.0,50.0, USA,2023,7,12,13,joined a seniors cycling club feeling the wind in my hair and the freedom of the open road cyclingclub seniorcyclist ,positive,"['CyclingClub', 'SeniorCyclist']",2023-07-12,13,1,28,2023
635,639,"Attended a wine tasting event, savoring the richness of flavors that age like fine wine. Cheers to the golden years! #WineTasting #SeniorWineLover ", Joy ,2023-07-13 20:00:00, SeniorWineConnoisseur , Instagram ,"['#winetasting', '#seniorwinelover']",35.0,70.0, UK,2023,7,13,20,attended a wine tasting event savoring the richness of flavors that age like fine wine cheers to the golden years winetasting seniorwinelover ,positive,"['WineTasting', 'SeniorWineLover']",2023-07-13,20,1,28,2023
636,640,"Started learning ballroom dancing, gliding gracefully across the dance floor. Ageless elegance in every step. #BallroomDancing #SeniorDancer ", Joy ,2023-07-14 16:15:00, SeniorBallroomDancer , Twitter ,"['#ballroomdancing', '#seniordancer']",20.0,40.0, USA,2023,7,14,16,started learning ballroom dancing gliding gracefully across the dance floor ageless elegance in every step ballroomdancing seniordancer ,positive,"['BallroomDancing', 'SeniorDancer']",2023-07-14,16,1,28,2023
637,641,"Organized a community painting event, turning blank canvases into a masterpiece of shared creativity. #PaintingEvent #SeniorArtist ", Joy ,2023-07-15 19:30:00, SeniorPaintingOrganizer , Facebook ,"['#paintingevent', '#seniorartist']",28.0,55.0, Canada,2023,7,15,19,organized a community painting event turning blank canvases into a masterpiece of shared creativity paintingevent seniorartist ,positive,"['PaintingEvent', 'SeniorArtist']",2023-07-15,19,1,28,2023
638,642,"Hosted a 'memory lane' evening with old friends, reminiscing about the adventures that shaped our lives. #MemoryLane #SeniorReminiscing ", Gratitude ,2023-07-16 14:00:00, SeniorMemoriesHost , Instagram ,"['#memorylane', '#seniorreminiscing']",30.0,60.0, USA,2023,7,16,14,hosted a memory lane evening with old friends reminiscing about the adventures that shaped our lives memorylane seniorreminiscing ,positive,"['MemoryLane', 'SeniorReminiscing']",2023-07-16,14,1,28,2023
639,643,"Joined a seniors' astronomy club, stargazing and finding wonder in the vastness of the cosmos. #AstronomyClub #SeniorStargazer ", Curiosity ,2023-07-17 22:15:00, SeniorStargazer , Twitter ,"['#astronomyclub', '#seniorstargazer']",18.0,35.0, UK,2023,7,17,22,joined a seniors astronomy club stargazing and finding wonder in the vastness of the cosmos astronomyclub seniorstargazer ,neutral,"['AstronomyClub', 'SeniorStargazer']",2023-07-17,22,0,29,2023
640,644,"Attended a local jazz festival, tapping toes to the tunes that have stood the test of time. Music, a lifelong love affair. #JazzFestival #SeniorMusicLover ", Joy ,2023-07-18 16:30:00, SeniorJazzFestivalGoer , Facebook ,"['#jazzfestival', '#seniormusiclover']",25.0,50.0, USA,2023,7,18,16,attended a local jazz festival tapping toes to the tunes that have stood the test of time music a lifelong love affair jazzfestival seniormusiclover ,positive,"['JazzFestival', 'SeniorMusicLover']",2023-07-18,16,1,29,2023
641,645,"Started a blog sharing the wisdom gained through the years, proving that every day is a chance to learn and grow. #SeniorWisdom #Blog ", Gratitude ,2023-07-19 19:45:00, WisdomBloggerSenior , Instagram ,"['#seniorwisdom', '#blog']",22.0,45.0, UK,2023,7,19,19,started a blog sharing the wisdom gained through the years proving that every day is a chance to learn and grow seniorwisdom blog ,positive,"['SeniorWisdom', 'Blog']",2023-07-19,19,1,29,2023
642,646,"Participated in a charity run, proving that age is no barrier to supporting meaningful causes. #CharityRun #SeniorRunner ", Excitement ,2023-07-20 17:00:00, SeniorCharityRunner , Twitter ,"['#charityrun', '#seniorrunner']",30.0,60.0, Canada,2023,7,20,17,participated in a charity run proving that age is no barrier to supporting meaningful causes charityrun seniorrunner ,positive,"['CharityRun', 'SeniorRunner']",2023-07-20,17,1,29,2023
643,647,"Survived a challenging physics exam. Equations, you won't defeat me! ", Relief ,2023-08-01 13:30:00, PhysicsWhizHighSchool , Instagram ,[],20.0,40.0, USA,2023,8,1,13,survived a challenging physics exam equations you wont defeat me ,positive,[],2023-08-01,13,1,31,2023
644,648,Exploring the world of coding. Debugging is an adventure on its own! #CodingJourney #HighSchoolCoder , Excitement ,2023-08-02 14:45:00, CodeExplorerHighSchool , Twitter ,"['#codingjourney', '#highschoolcoder']",25.0,50.0, UK,2023,8,2,14,exploring the world of coding debugging is an adventure on its own codingjourney highschoolcoder ,positive,"['CodingJourney', 'HighSchoolCoder']",2023-08-02,14,1,31,2023
645,649,"Joined the school debate team. Words are my weapons, and I'm ready for battle! ", Excitement ,2023-08-03 12:15:00, DebateWarriorHighSchool , Facebook ,[],18.0,35.0, Canada,2023,8,3,12,joined the school debate team words are my weapons and im ready for battle ,negative,[],2023-08-03,12,-1,31,2023
646,650,"Started a photography club at school. Capturing moments, one snapshot at a time! ", Joy ,2023-08-04 16:30:00, PhotoClubHighSchool , Instagram ,[],22.0,45.0, USA,2023,8,4,16,started a photography club at school capturing moments one snapshot at a time ,neutral,[],2023-08-04,16,0,31,2023
647,651,"Daydreaming about the upcoming prom. The dress, the dance – it's a fairytale in the making! ", Excitement ,2023-08-05 19:45:00, PromDreamerHighSchool , Twitter ,[],30.0,60.0, Canada,2023,8,5,19,daydreaming about the upcoming prom the dress the dance  its a fairytale in the making ,neutral,[],2023-08-05,19,0,31,2023
648,652,Convinced the teacher to have class outdoors. Learning equations with a side of fresh air! , Positive ,2023-08-06 14:00:00, OutdoorClassHighSchool , Facebook ,[],28.0,55.0, USA,2023,8,6,14,convinced the teacher to have class outdoors learning equations with a side of fresh air ,positive,[],2023-08-06,14,1,31,2023
649,653,"Accidentally spilled paint in art class. Abstract art, right? #ArtClassAdventures #HighSchoolArtist ", Embarrassed ,2023-08-07 19:45:00, PaintSpillHighSchool , Instagram ,"['#artclassadventures', '#highschoolartist']",22.0,45.0, UK,2023,8,7,19,accidentally spilled paint in art class abstract art right artclassadventures highschoolartist ,negative,"['ArtClassAdventures', 'HighSchoolArtist']",2023-08-07,19,-1,32,2023
650,654,Trying to master the perfect kickflip on my skateboard. Skating into the weekend like a pro! , Excitement ,2023-08-08 16:00:00, SkateProHighSchool , Twitter ,[],30.0,60.0, Canada,2023,8,8,16,trying to master the perfect kickflip on my skateboard skating into the weekend like a pro ,positive,[],2023-08-08,16,1,32,2023
651,655,Bonding with friends over the latest K-pop sensation. Fangirling at its finest! , Joy ,2023-08-09 22:30:00, KpopFangirlHighSchool , Facebook ,[],20.0,40.0, USA,2023,8,9,22,bonding with friends over the latest kpop sensation fangirling at its finest ,positive,[],2023-08-09,22,1,32,2023
652,656,Spent hours perfecting a chemistry experiment. Mixing potions like a wizard! , Joy ,2023-08-10 14:20:00, ChemistryWizardHighSchool , Instagram ,[],28.0,55.0, UK,2023,8,10,14,spent hours perfecting a chemistry experiment mixing potions like a wizard ,positive,[],2023-08-10,14,1,32,2023
653,657,Successfully organized a surprise birthday party for a friend. Party planning expert mode: Achieved! , Joy ,2023-08-11 18:45:00, BirthdayPartyPlannerHighSchool , Twitter ,[],22.0,45.0, Canada,2023,8,11,18,successfully organized a surprise birthday party for a friend party planning expert mode achieved ,positive,[],2023-08-11,18,1,32,2023
654,658,"Joined the drama club to unleash my inner actor. Lights, camera, action! ", Excitement ,2023-08-12 13:45:00, DramaClubStarHighSchool , Facebook ,[],25.0,50.0, USA,2023,8,12,13,joined the drama club to unleash my inner actor lights camera action ,neutral,[],2023-08-12,13,0,32,2023
655,659,Got my hands on the latest fantasy novel. Diving into realms of magic and adventure! , Excitement ,2023-08-13 20:00:00, FantasyBookNerdHighSchool , Instagram ,[],35.0,70.0, UK,2023,8,13,20,got my hands on the latest fantasy novel diving into realms of magic and adventure ,positive,[],2023-08-13,20,1,32,2023
656,660,Mastering the art of the perfect doodle during boring classes. Doodles: A+! , Joy ,2023-08-14 16:15:00, DoodleMasterHighSchool , Twitter ,[],20.0,40.0, USA,2023,8,14,16,mastering the art of the perfect doodle during boring classes doodles a ,positive,[],2023-08-14,16,1,33,2023
657,661,Attempting to break the school record for the longest handstand. Wish me luck! , Excitement ,2023-08-15 19:30:00, HandstandChallengeHighSchool , Facebook ,[],28.0,55.0, Canada,2023,8,15,19,attempting to break the school record for the longest handstand wish me luck ,positive,[],2023-08-15,19,1,33,2023
658,662,Sneaking snacks into class like a pro. The art of snack-smuggling is a sacred skill! , Mischievous ,2023-08-16 14:00:00, SnackSmugglerHighSchool , Instagram ,[],30.0,60.0, USA,2023,8,16,14,sneaking snacks into class like a pro the art of snacksmuggling is a sacred skill ,positive,[],2023-08-16,14,1,33,2023
659,663,Hosting a sleepover with friends this weekend. Preparing for a night of laughter and memories! , Excitement ,2023-08-17 22:15:00, SleepoverHostHighSchool , Twitter ,[],18.0,35.0, UK,2023,8,17,22,hosting a sleepover with friends this weekend preparing for a night of laughter and memories ,positive,[],2023-08-17,22,1,33,2023
660,664,"Spent hours on a TikTok dance, only to realize I have two left feet. Dance fail: Unleashed! ", Embarrassed ,2023-08-18 16:30:00, TikTokFailHighSchool , Facebook ,[],25.0,50.0, USA,2023,8,18,16,spent hours on a tiktok dance only to realize i have two left feet dance fail unleashed ,negative,[],2023-08-18,16,-1,33,2023
661,665,Accidentally liked my crush's old photo while stalking their profile. Awkward level: Maximum! , Embarrassed ,2023-08-19 19:45:00, SocialMediaBlunderHighSchool , Instagram ,[],22.0,45.0, UK,2023,8,19,19,accidentally liked my crushs old photo while stalking their profile awkward level maximum ,negative,[],2023-08-19,19,-1,33,2023
662,666,Tried to impress my crush with a smooth conversation. Ended up spilling my drink. Smooth level: Nonexistent! , Embarrassed ,2023-08-20 17:00:00, CrushFailHighSchool , Twitter ,[],30.0,60.0, Canada,2023,8,20,17,tried to impress my crush with a smooth conversation ended up spilling my drink smooth level nonexistent ,positive,[],2023-08-20,17,1,33,2023
663,667,Mastered the art of creating paper airplanes during lecture. Paper planes: Soaring to new heights! , Joy ,2023-08-21 15:45:00, PaperPlaneExpertHighSchool , Instagram ,[],15.0,30.0, USA,2023,8,21,15,mastered the art of creating paper airplanes during lecture paper planes soaring to new heights ,positive,[],2023-08-21,15,1,34,2023
664,668,Trying to set a new trend by juggling textbooks between classes. Academic juggling: A unique skill! , Excitement ,2023-08-22 12:30:00, JugglingProHighSchool , Facebook ,[],22.0,40.0, Canada,2023,8,22,12,trying to set a new trend by juggling textbooks between classes academic juggling a unique skill ,neutral,[],2023-08-22,12,0,34,2023
665,669,Hiding a snack stash in my backpack for emergency cravings. Snack ninja mode: Activated! , Mischievous ,2023-08-23 16:45:00, SnackNinjaHighSchool , Twitter ,[],28.0,55.0, USA,2023,8,23,16,hiding a snack stash in my backpack for emergency cravings snack ninja mode activated ,negative,[],2023-08-23,16,-1,34,2023
666,670,Planning a surprise scavenger hunt for friends. Anticipating the thrill and excitement! , Excitement ,2023-08-24 18:20:00, ScavengerHuntMasterHighSchool , Instagram ,[],20.0,38.0, UK,2023,8,24,18,planning a surprise scavenger hunt for friends anticipating the thrill and excitement ,positive,[],2023-08-24,18,1,34,2023
667,671,Danced in the rain to celebrate the end of exams. Rain dance: Unexpectedly refreshing! , Joy ,2023-08-25 14:15:00, RainDanceCelebrationHighSchool , Facebook ,[],25.0,50.0, Canada,2023,8,25,14,danced in the rain to celebrate the end of exams rain dance unexpectedly refreshing ,positive,[],2023-08-25,14,1,34,2023
668,672,Accidentally sent a text meant for a friend to the class group chat. Texting fail: Oops moment! , Embarrassed ,2023-08-26 17:30:00, GroupChatBlunderHighSchool , Twitter ,[],18.0,35.0, USA,2023,8,26,17,accidentally sent a text meant for a friend to the class group chat texting fail oops moment ,negative,[],2023-08-26,17,-1,34,2023
669,673,Tried a magic trick to impress classmates. Magic fail: Where did that rabbit go? , Embarrassed ,2023-08-27 20:45:00, MagicFailHighSchool , Instagram ,[],22.0,45.0, UK,2023,8,27,20,tried a magic trick to impress classmates magic fail where did that rabbit go ,negative,[],2023-08-27,20,-1,34,2023
670,674,Perfecting the art of creating origami during a dull lecture. Origami mastery: A+! , Joy ,2023-08-28 16:00:00, OrigamiProHighSchool , Twitter ,[],18.0,36.0, USA,2023,8,28,16,perfecting the art of creating origami during a dull lecture origami mastery a ,positive,[],2023-08-28,16,1,35,2023
671,675,Attempting to set a new record for the most consecutive hacky sack kicks. Hacky sack skills: Unleashed! , Excitement ,2023-08-29 13:45:00, HackySackChampionHighSchool , Instagram ,[],26.0,48.0, Canada,2023,8,29,13,attempting to set a new record for the most consecutive hacky sack kicks hacky sack skills unleashed ,neutral,[],2023-08-29,13,0,35,2023
672,676,Creating a secret handshake with friends. Friendship level: Expert! , Joy ,2023-08-30 17:30:00, SecretHandshakeHighSchool , Facebook ,[],20.0,40.0, USA,2023,8,30,17,creating a secret handshake with friends friendship level expert ,positive,[],2023-08-30,17,1,35,2023
673,677,Embarking on a mission to find the best burger joint in town. Burger connoisseur: Reporting for duty! , Excitement ,2023-08-31 20:15:00, BurgerQuestHighSchool , Twitter ,[],24.0,42.0, UK,2023,8,31,20,embarking on a mission to find the best burger joint in town burger connoisseur reporting for duty ,positive,[],2023-08-31,20,1,35,2023
674,678,Practicing a stand-up comedy routine for the upcoming talent show. Comedy gig: In the making! , Joy ,2023-09-01 14:45:00, ComedyGeniusHighSchool , Instagram ,[],21.0,39.0, Canada,2023,9,1,14,practicing a standup comedy routine for the upcoming talent show comedy gig in the making ,positive,[],2023-09-01,14,1,35,2023
675,679,Accidentally sent a love letter to the wrong person. Love note fail: Maximum embarrassment! , Embarrassed ,2023-09-02 18:30:00, LoveLetterBlunderHighSchool , Facebook ,[],17.0,33.0, USA,2023,9,2,18,accidentally sent a love letter to the wrong person love note fail maximum embarrassment ,negative,[],2023-09-02,18,-1,35,2023
676,680,Attempting to impress the teacher with an elaborate science experiment. Science geek mode: Activated! , Excitement ,2023-09-03 22:00:00, ScienceExperimentProHighSchool , Twitter ,[],23.0,44.0, UK,2023,9,3,22,attempting to impress the teacher with an elaborate science experiment science geek mode activated ,positive,[],2023-09-03,22,1,35,2023
677,681,Crafting intricate friendship bracelets for the whole squad. Friendship level: Expert weaver! , Joy ,2023-09-04 15:15:00, BraceletCraftsmanHighSchool , Instagram ,[],19.0,37.0, USA,2023,9,4,15,crafting intricate friendship bracelets for the whole squad friendship level expert weaver ,positive,[],2023-09-04,15,1,36,2023
678,682,Attempting to beat the record for the most consecutive cartwheels. Cartwheel challenge: Underway! , Excitement ,2023-09-05 12:30:00, CartwheelMasterHighSchool , Twitter ,[],27.0,52.0, Canada,2023,9,5,12,attempting to beat the record for the most consecutive cartwheels cartwheel challenge underway ,positive,[],2023-09-05,12,1,36,2023
679,683,Organizing a movie marathon with friends. Popcorn and cinematic adventures await! , Joy ,2023-09-06 16:45:00, MovieMarathonHostHighSchool , Facebook ,[],22.0,43.0, UK,2023,9,6,16,organizing a movie marathon with friends popcorn and cinematic adventures await ,positive,[],2023-09-06,16,1,36,2023
680,684,Experimenting with a new hair color. A bold change for a bold semester! , Excitement ,2023-09-07 18:20:00, HairColorExperimentHighSchool , Instagram ,[],20.0,39.0, USA,2023,9,7,18,experimenting with a new hair color a bold change for a bold semester ,positive,[],2023-09-07,18,1,36,2023
681,685,Building a time capsule to capture memories for the future. Time-traveling emotions! , Joy ,2023-09-08 14:15:00, TimeCapsuleCreatorHighSchool , Facebook ,[],26.0,48.0, Canada,2023,9,8,14,building a time capsule to capture memories for the future timetraveling emotions ,neutral,[],2023-09-08,14,0,36,2023
682,686,Accidentally walked into the wrong classroom on the first day. Classroom mix-up: Awkward start! , Embarrassed ,2023-09-09 17:30:00, ClassroomBlunderHighSchool , Twitter ,[],16.0,32.0, USA,2023,9,9,17,accidentally walked into the wrong classroom on the first day classroom mixup awkward start ,negative,[],2023-09-09,17,-1,36,2023
683,687,Trying out a new smoothie recipe for a healthy start to the week. Smoothie enthusiast: Level up! , Excitement ,2023-09-10 20:45:00, SmoothieConnoisseurHighSchool , Instagram ,[],23.0,42.0, UK,2023,9,10,20,trying out a new smoothie recipe for a healthy start to the week smoothie enthusiast level up ,positive,[],2023-09-10,20,1,36,2023
684,688,Reflecting on the challenges of the school year. Feeling a bit overwhelmed with assignments. , Sad ,2023-09-11 15:45:00, OverwhelmedHighSchoolStudent , Twitter ,[],15.0,28.0, USA,2023,9,11,15,reflecting on the challenges of the school year feeling a bit overwhelmed with assignments ,positive,[],2023-09-11,15,1,37,2023
685,689,Encountered some mean-spirited comments online. Dealing with online hate is never easy. , Hate ,2023-09-12 12:30:00, DealingWithHateHighSchool , Instagram ,[],18.0,36.0, Canada,2023,9,12,12,encountered some meanspirited comments online dealing with online hate is never easy ,negative,[],2023-09-12,12,-1,37,2023
686,690,Had a bad day at school. Everything seems to be going wrong. , Bad ,2023-09-13 16:45:00, ToughDayHighSchool , Facebook ,[],20.0,40.0, UK,2023,9,13,16,had a bad day at school everything seems to be going wrong ,negative,[],2023-09-13,16,-1,37,2023
687,691,Feeling down after not making the sports team. Disappointment lingers. , Sad ,2023-09-14 18:20:00, SportsTeamRejectionHighSchool , Twitter ,[],17.0,34.0, USA,2023,9,14,18,feeling down after not making the sports team disappointment lingers ,negative,[],2023-09-14,18,-1,37,2023
688,692,Witnessed a heated argument in the cafeteria. Unpleasant atmosphere at lunch. , Hate ,2023-09-15 14:15:00, CafeteriaConflictHighSchool , Instagram ,[],21.0,41.0, Canada,2023,9,15,14,witnessed a heated argument in the cafeteria unpleasant atmosphere at lunch ,negative,[],2023-09-15,14,-1,37,2023
689,693,Received a not-so-great grade on a major project. Academic frustration setting in. , Bad ,2023-09-16 17:30:00, ProjectGradeDisappointmentHighSchool , Facebook ,[],19.0,38.0, UK,2023,9,16,17,received a notsogreat grade on a major project academic frustration setting in ,negative,[],2023-09-16,17,-1,37,2023
690,694,Dealing with a personal setback. Sometimes life throws unexpected challenges. , Sad ,2023-09-17 20:45:00, PersonalSetbackHighSchool , Twitter ,[],22.0,44.0, USA,2023,9,17,20,dealing with a personal setback sometimes life throws unexpected challenges ,positive,[],2023-09-17,20,1,37,2023
691,695,Feeling lonely on a Saturday night. Sometimes solitude hits harder than expected. , Sad ,2023-09-18 22:00:00, LonelySaturdayHighSchool , Instagram ,[],16.0,31.0, Canada,2023,9,18,22,feeling lonely on a saturday night sometimes solitude hits harder than expected ,negative,[],2023-09-18,22,-1,38,2023
692,696,Experiencing cyberbullying. Hateful messages online are disheartening. , Hate ,2023-09-19 15:15:00, CyberbullyingVictimHighSchool , Facebook ,[],14.0,27.0, UK,2023,9,19,15,experiencing cyberbullying hateful messages online are disheartening ,negative,[],2023-09-19,15,-1,38,2023
693,697,Caught in a torrential rainstorm without an umbrella. Today's weather is just bad luck. , Bad ,2023-09-20 12:30:00, RainyDayBluesHighSchool , Twitter ,[],18.0,35.0, USA,2023,9,20,12,caught in a torrential rainstorm without an umbrella todays weather is just bad luck ,negative,[],2023-09-20,12,-1,38,2023
694,698,Missing an important event due to unforeseen circumstances. A day filled with sadness. , Sad ,2023-09-21 16:45:00, MissedOpportunityHighSchool , Instagram ,[],20.0,39.0, Canada,2023,9,21,16,missing an important event due to unforeseen circumstances a day filled with sadness ,negative,[],2023-09-21,16,-1,38,2023
695,699,Dealing with unfounded rumors circulating about personal life. Rumors can be hurtful. , Hate ,2023-09-22 18:20:00, RumorVictimHighSchool , Facebook ,[],23.0,46.0, UK,2023,9,22,18,dealing with unfounded rumors circulating about personal life rumors can be hurtful ,negative,[],2023-09-22,18,-1,38,2023
696,700,Got a flat tire on the way to an important meeting. Talk about a series of bad events! , Bad ,2023-09-23 14:15:00, FlatTireWoesHighSchool , Twitter ,[],25.0,50.0, USA,2023,9,23,14,got a flat tire on the way to an important meeting talk about a series of bad events ,negative,[],2023-09-23,14,-1,38,2023
697,701,Feeling a sense of emptiness after a close friend moves away. Farewells are always sad. , Sad ,2023-09-24 17:30:00, FriendMovingAwayHighSchool , Instagram ,[],21.0,42.0, Canada,2023,9,24,17,feeling a sense of emptiness after a close friend moves away farewells are always sad ,negative,[],2023-09-24,17,-1,38,2023
698,702,Facing rejection from a dream college. Disheartened but determined to explore other paths. , Sad ,2023-09-25 20:45:00, CollegeRejectionHighSchool , Facebook ,[],19.0,37.0, UK,2023,9,25,20,facing rejection from a dream college disheartened but determined to explore other paths ,positive,[],2023-09-25,20,1,39,2023
699,703,Encountering online toxicity during a gaming session. Hateful comments can ruin the fun. , Hate ,2023-09-26 14:15:00, GamingToxicityHighSchool , Twitter ,[],16.0,32.0, USA,2023,9,26,14,encountering online toxicity during a gaming session hateful comments can ruin the fun ,negative,[],2023-09-26,14,-1,39,2023
700,704,Having a bad hair day and feeling self-conscious. Bad hair days can affect confidence. , Bad ,2023-09-27 17:30:00, BadHairDayBluesHighSchool , Instagram ,[],18.0,36.0, Canada,2023,9,27,17,having a bad hair day and feeling selfconscious bad hair days can affect confidence ,negative,[],2023-09-27,17,-1,39,2023
701,705,Feeling a sense of despair after a major project failure. Hard work didn't pay off this time. , Sad ,2023-09-28 22:00:00, ProjectFailureDespairHighSchool , Facebook ,[],21.0,41.0, UK,2023,9,28,22,feeling a sense of despair after a major project failure hard work didnt pay off this time ,negative,[],2023-09-28,22,-1,39,2023
702,706,Experiencing hate comments for expressing personal opinions. Online negativity prevails. , Hate ,2023-09-29 15:45:00, OpinionsHateHighSchool , Twitter ,[],24.0,48.0, USA,2023,9,29,15,experiencing hate comments for expressing personal opinions online negativity prevails ,negative,[],2023-09-29,15,-1,39,2023
703,707,Having a string of bad luck with constant technology malfunctions. Tech troubles galore! , Bad ,2023-09-30 18:20:00, TechMalfunctionWoesHighSchool , Instagram ,[],22.0,43.0, Canada,2023,9,30,18,having a string of bad luck with constant technology malfunctions tech troubles galore ,negative,[],2023-09-30,18,-1,39,2023
704,708,Missing out on a long-anticipated event due to unexpected circumstances. A day filled with sadness. , Sad ,2023-10-01 14:15:00, MissedEventBluesHighSchool , Facebook ,[],20.0,39.0, UK,2023,10,1,14,missing out on a longanticipated event due to unexpected circumstances a day filled with sadness ,negative,[],2023-10-01,14,-1,39,2023
705,709,Trying out a new study technique for upcoming exams. Exploring different learning strategies. , Neutral ,2023-10-02 16:45:00, StudyTechniqueExperimentHighSchool , Instagram ,[],23.0,42.0, USA,2023,10,2,16,trying out a new study technique for upcoming exams exploring different learning strategies ,neutral,[],2023-10-02,16,0,40,2023
706,710,Organizing a community cleanup event for a cleaner neighborhood. Promoting environmental awareness. , Neutral ,2023-10-03 12:30:00, CommunityCleanupHighSchool , Twitter ,[],26.0,50.0, Canada,2023,10,3,12,organizing a community cleanup event for a cleaner neighborhood promoting environmental awareness ,positive,[],2023-10-03,12,1,40,2023
707,711,Sharing favorite book recommendations with classmates. Building a mini book club. , Neutral ,2023-10-04 18:20:00, BookRecommendationsHighSchool , Facebook ,[],19.0,38.0, UK,2023,10,4,18,sharing favorite book recommendations with classmates building a mini book club ,positive,[],2023-10-04,18,1,40,2023
708,712,Experimenting with a new recipe for a school bake sale. Baking adventures in the kitchen. , Neutral ,2023-10-05 14:15:00, BakeSaleRecipeExperimentHighSchool , Instagram ,[],21.0,43.0, USA,2023,10,5,14,experimenting with a new recipe for a school bake sale baking adventures in the kitchen ,positive,[],2023-10-05,14,1,40,2023
709,713,Collaborating on a school project with peers. Teamwork makes the dream work. , Neutral ,2023-10-06 17:30:00, SchoolProjectCollaborationHighSchool , Twitter ,[],18.0,36.0, Canada,2023,10,6,17,collaborating on a school project with peers teamwork makes the dream work ,positive,[],2023-10-06,17,1,40,2023
710,714,Attending a school club meeting to explore new interests. Dabbling in extracurricular activities. , Neutral ,2023-10-07 20:45:00, ExtracurricularExplorationHighSchool , Instagram ,[],22.0,45.0, UK,2023,10,7,20,attending a school club meeting to explore new interests dabbling in extracurricular activities ,positive,[],2023-10-07,20,1,40,2023
711,715,Exploring a new part-time job opportunity for gaining work experience. Career development in progress. , Neutral ,2023-10-08 15:15:00, PartTimeJobExplorationHighSchool , Facebook ,[],24.0,48.0, USA,2023,10,8,15,exploring a new parttime job opportunity for gaining work experience career development in progress ,positive,[],2023-10-08,15,1,40,2023
712,716,Attending a school assembly to stay informed about upcoming events and announcements. Staying connected with school activities. , Neutral ,2023-10-09 22:00:00, SchoolAssemblyParticipationHighSchool , Twitter ,[],20.0,40.0, Canada,2023,10,9,22,attending a school assembly to stay informed about upcoming events and announcements staying connected with school activities ,neutral,[],2023-10-09,22,0,41,2023
713,717,Exploring a new hobby of photography during free time. Capturing moments through a lens. , Neutral ,2023-10-10 14:15:00, PhotographyHobbyHighSchool , Instagram ,[],25.0,49.0, UK,2023,10,10,14,exploring a new hobby of photography during free time capturing moments through a lens ,positive,[],2023-10-10,14,1,41,2023
714,718,Participating in a science fair to showcase a unique experiment. Sharing knowledge with peers. , Neutral ,2023-10-11 16:45:00, ScienceFairParticipationHighSchool , Facebook ,[],19.0,37.0, USA,2023,10,11,16,participating in a science fair to showcase a unique experiment sharing knowledge with peers ,positive,[],2023-10-11,16,1,41,2023
715,719,Attending a workshop on time management to enhance organizational skills. Striving for efficiency. , Neutral ,2023-10-12 18:20:00, TimeManagementWorkshopHighSchool , Twitter ,[],23.0,44.0, Canada,2023,10,12,18,attending a workshop on time management to enhance organizational skills striving for efficiency ,positive,[],2023-10-12,18,1,41,2023
716,720,Volunteering at a local charity event to give back to the community. Contributing to social causes. , Neutral ,2023-10-13 12:30:00, CharityEventVolunteerHighSchool , Instagram ,[],20.0,39.0, UK,2023,10,13,12,volunteering at a local charity event to give back to the community contributing to social causes ,positive,[],2023-10-13,12,1,41,2023
717,721,Collaborating on a group project to promote teamwork and shared responsibilities. Group effort in action. , Neutral ,2023-10-14 17:30:00, GroupProjectCollaborationHighSchool , Facebook ,[],18.0,35.0, USA,2023,10,14,17,collaborating on a group project to promote teamwork and shared responsibilities group effort in action ,positive,[],2023-10-14,17,1,41,2023
718,722,Participating in a debate club to enhance critical thinking and communication skills. Intellectual engagement in progress. , Neutral ,2023-10-15 20:45:00, DebateClubParticipationHighSchool , Twitter ,[],22.0,43.0, Canada,2023,10,15,20,participating in a debate club to enhance critical thinking and communication skills intellectual engagement in progress ,positive,[],2023-10-15,20,1,41,2023
719,723,Celebrating a friend's birthday with a surprise party. Joyful moments and laughter all around! , Happy ,2023-10-16 15:45:00, BirthdaySurpriseHighSchool , Instagram ,[],27.0,52.0, UK,2023,10,16,15,celebrating a friends birthday with a surprise party joyful moments and laughter all around ,positive,[],2023-10-16,15,1,42,2023
720,724,Successfully completing a challenging coding project. Excitement for overcoming coding hurdles! , Happy ,2023-10-17 12:30:00, CodingSuccessHighSchool , Twitter ,[],24.0,48.0, USA,2023,10,17,12,successfully completing a challenging coding project excitement for overcoming coding hurdles ,positive,[],2023-10-17,12,1,42,2023
721,725,Attending a school talent show to support classmates. Applauding the diverse talents on display! , Happy ,2023-10-18 16:45:00, TalentShowSupportHighSchool , Facebook ,[],19.0,38.0, Canada,2023,10,18,16,attending a school talent show to support classmates applauding the diverse talents on display ,positive,[],2023-10-18,16,1,42,2023
722,726,"Exploring a new hiking trail with friends over the weekend. Nature, laughter, and good vibes! ", Happy ,2023-10-19 18:20:00, WeekendHikeHighSchool , Instagram ,[],21.0,42.0, UK,2023,10,19,18,exploring a new hiking trail with friends over the weekend nature laughter and good vibes ,positive,[],2023-10-19,18,1,42,2023
723,727,Winning a friendly sports competition against rival schools. Victory celebrations in full swing! , Happy ,2023-10-20 14:15:00, SportsVictoryHighSchool , Twitter ,[],26.0,50.0, USA,2023,10,20,14,winning a friendly sports competition against rival schools victory celebrations in full swing ,positive,[],2023-10-20,14,1,42,2023
724,728,Receiving a heartfelt letter from a pen pal in another country. Connecting across the globe! , Happy ,2023-10-21 17:30:00, PenPalConnectionHighSchool , Facebook ,[],23.0,45.0, Canada,2023,10,21,17,receiving a heartfelt letter from a pen pal in another country connecting across the globe ,positive,[],2023-10-21,17,1,42,2023
725,729,Creating a beautiful mural with fellow art enthusiasts. The power of collaboration and creativity! , Happy ,2023-10-22 20:45:00, MuralCreationHighSchool , Instagram ,[],22.0,43.0, UK,2023,10,22,20,creating a beautiful mural with fellow art enthusiasts the power of collaboration and creativity ,positive,[],2023-10-22,20,1,42,2023
726,730,Participating in a school-wide art exhibition. Witnessing creativity and spreading positive vibes! , Happy ,2015-11-10 16:45:00, ArtExhibitionJoyHighSchool , Instagram ,[],23.0,44.0, USA,2015,11,10,16,participating in a schoolwide art exhibition witnessing creativity and spreading positive vibes ,positive,[],2015-11-10,16,1,46,2015
727,731,Achieving a personal best in a track and field competition. The thrill of victory and self-improvement! , Happy ,2016-09-14 12:30:00, TrackFieldSuccessHighSchool , Twitter ,[],26.0,51.0, Canada,2016,9,14,12,achieving a personal best in a track and field competition the thrill of victory and selfimprovement ,positive,[],2016-09-14,12,1,37,2016
728,732,Collaborating on a science project that received recognition at a regional fair. Science triumphs and smiles! , Happy ,2017-08-18 18:20:00, ScienceProjectSuccessHighSchool , Facebook ,[],20.0,39.0, UK,2017,8,18,18,collaborating on a science project that received recognition at a regional fair science triumphs and smiles ,positive,[],2017-08-18,18,1,33,2017
729,733,"Attending a surprise birthday party organized by friends. Surrounded by love, laughter, and good company! ", Happy ,2018-06-22 14:15:00, BirthdayPartyJoyHighSchool , Instagram ,[],25.0,48.0, USA,2018,6,22,14,attending a surprise birthday party organized by friends surrounded by love laughter and good company ,positive,[],2018-06-22,14,1,25,2018
730,734,Successfully fundraising for a school charity initiative. The joy of giving back to the community! , Happy ,2019-04-05 17:30:00, CharityFundraisingTriumphHighSchool , Twitter ,[],22.0,42.0, Canada,2019,4,5,17,successfully fundraising for a school charity initiative the joy of giving back to the community ,positive,[],2019-04-05,17,1,14,2019
731,735,"Participating in a multicultural festival, celebrating diversity with music, dance, and delicious food! ", Happy ,2020-02-29 20:45:00, MulticulturalFestivalJoyHighSchool , Facebook ,[],21.0,43.0, UK,2020,2,29,20,participating in a multicultural festival celebrating diversity with music dance and delicious food ,positive,[],2020-02-29,20,1,9,2020
732,736,"Organizing a virtual talent show during challenging times, bringing smiles to classmates' faces! ", Happy ,2020-11-15 15:15:00, VirtualTalentShowSuccessHighSchool , Instagram ,[],24.0,47.0, USA,2020,11,15,15,organizing a virtual talent show during challenging times bringing smiles to classmates faces ,positive,[],2020-11-15,15,1,46,2020
